Main Soil Type,Subtype,R,G,B,pH,EC,Moisture Level,Key Characteristics
Red Sandy Loam,Fine Sandy Loam,164.443925426749,104.33468140906601,84.60821320774062,6.903299331273827,0.10725980549326782,Low,Loose easy drainage low organic content
Red Sandy Loam,Fine Sandy Loam,160.7369840691933,100.3903303575367,83.01168248515877,6.309915405038784,0.13774481455747306,Low,Loose easy drainage low organic content
Red Sandy Loam,Fine Sandy Loam,158.50961723131195,93.94204031178181,87.28165146495257,6.421288886296779,0.2630260620880682,Low,Loose easy drainage low organic content
Red Sandy Loam,Fine Sandy Loam,165.3386684211849,104.84268683207384,75.55057388914997,6.433333750403761,0.16090862298573222,Low,Loose easy drainage low organic content
Red Sandy Loam,Fine Sandy Loam,164.8221747917981,95.68753043120996,85.93495334849936,6.786339968471024,0.226531706808529,Low,Loose easy drainage low organic content
Red Sandy Loam,Fine Sandy Loam,162.43603619323252,95.59872868577384,76.8762943211663,6.4692534151048475,0.2279131523529204,Low,Loose easy drainage low organic content
Red Sandy Loam,Fine Sandy Loam,159.7478677114447,103.87270326083811,86.01559526225041,6.0827537307814215,0.23711881233629276,Low,Loose easy drainage low organic content
Red Sandy Loam,Fine Sandy Loam,153.8444237158522,90.44175959075388,71.65567334062206,6.468761152030978,0.1438930728224069,Low,Loose easy drainage low organic content
Red Sandy Loam,Fine Sandy Loam,168.05896295837192,93.46843570483672,88.74941776667497,6.403226896516401,0.17249437079263277,Low,Loose easy drainage low organic content
Red Sandy Loam,Fine Sandy Loam,152.37629349826807,109.16236532939237,70.03955793344144,6.3015881344895455,0.2815180828993336,Low,Loose easy drainage low organic content
Red Sandy Loam,Fine Sandy Loam,153.6318594902737,104.7645417696855,86.21570942094698,6.862687444150901,0.2996740238392165,Low,Loose easy drainage low organic content
Red Sandy Loam,Fine Sandy Loam,160.6522564266401,92.50380093352098,82.79669285981012,6.285279108479695,0.23489362880643186,Low,Loose easy drainage low organic content
Red Sandy Loam,Fine Sandy Loam,159.67602924042384,107.92811239853471,77.3528489571552,6.454123789826555,0.2145425396145343,Low,Loose easy drainage low organic content
Red Sandy Loam,Fine Sandy Loam,156.52789466399258,94.03481903252117,79.57069924116595,6.769580193309452,0.17596057166318504,Low,Loose easy drainage low organic content
Red Sandy Loam,Fine Sandy Loam,158.4168542855797,100.08816411677984,85.59691652123202,6.203938809707848,0.23313966786392806,Low,Loose easy drainage low organic content
Red Sandy Loam,Fine Sandy Loam,153.18069093522243,95.26901826717078,77.29889271918945,6.6560898835402815,0.1953310792581614,Low,Loose easy drainage low organic content
Red Sandy Loam,Fine Sandy Loam,151.5675448680592,92.50371479312265,70.06455655072833,6.375499407005342,0.22734557267166755,Low,Loose easy drainage low organic content
Red Sandy Loam,Fine Sandy Loam,156.8153443714769,109.89956903910591,89.91235855598168,6.089255194077257,0.2951274998322245,Low,Loose easy drainage low organic content
Red Sandy Loam,Fine Sandy Loam,150.62295017080052,95.83834605274026,80.70366343106099,6.476497004991492,0.25507241916804185,Low,Loose easy drainage low organic content
Red Sandy Loam,Fine Sandy Loam,151.42557090616862,105.0497864369976,79.72138032004823,6.230837826499085,0.1614838216298588,Low,Loose easy drainage low organic content
Red Sandy Loam,Coarse Sandy Loam,178.13761188279588,98.83313294552428,68.77232057940934,6.711345015495208,0.2158667577960246,Moderate,Larger particles fast drainage
Red Sandy Loam,Coarse Sandy Loam,166.19024065759427,81.60388911181653,76.33071669273596,6.800279449124686,0.32080832357716765,Low,Larger particles fast drainage
Red Sandy Loam,Coarse Sandy Loam,179.8528298114464,87.38955786062063,76.68440200928619,6.719045006863315,0.33419065747205556,Moderate,Larger particles fast drainage
Red Sandy Loam,Coarse Sandy Loam,173.81523909945014,83.20820480317086,72.86112895276938,6.917563884008346,0.28086254572974173,Low,Larger particles fast drainage
Red Sandy Loam,Coarse Sandy Loam,179.71601843093725,90.09152700310531,78.91786250715046,6.971918891822346,0.33967171616170055,Moderate,Larger particles fast drainage
Red Sandy Loam,Coarse Sandy Loam,165.57996384367485,91.48967463816996,63.17871699957341,6.9731723441859605,0.27403723389912976,Moderate,Larger particles fast drainage
Red Sandy Loam,Coarse Sandy Loam,164.74670320285392,98.38066894661279,74.13527160364335,6.60125288641683,0.2543178922973822,Low,Larger particles fast drainage
Red Sandy Loam,Coarse Sandy Loam,162.0320484707842,93.36239160680438,61.25847943124606,6.831821667309349,0.349430404813576,Low,Larger particles fast drainage
Red Sandy Loam,Coarse Sandy Loam,160.24568050220606,83.21935075648108,78.94442282459627,6.508221797372092,0.2499433417529862,Low,Larger particles fast drainage
Red Sandy Loam,Coarse Sandy Loam,172.9154723933841,85.2776062677072,64.60489908449152,6.835308343784141,0.23180271040245964,Low,Larger particles fast drainage
Red Sandy Loam,Coarse Sandy Loam,167.19965313799545,83.4298379529995,76.94034707758264,6.943172925100801,0.2863979927608974,Low,Larger particles fast drainage
Red Sandy Loam,Coarse Sandy Loam,164.30369653115608,83.44273622440205,69.9338721055658,6.654453683977159,0.33885830648177484,Low,Larger particles fast drainage
Red Sandy Loam,Coarse Sandy Loam,165.8008332798915,96.12447715782169,70.45549809153249,6.807782284694856,0.21109964865933165,Low,Larger particles fast drainage
Red Sandy Loam,Coarse Sandy Loam,179.82094323854997,84.87814512663088,73.69927907634082,6.760103453165812,0.3951314037501563,Low,Larger particles fast drainage
Red Sandy Loam,Coarse Sandy Loam,167.21809406480517,98.43950684238445,73.31944756499385,6.629447251292903,0.20886864281265996,Low,Larger particles fast drainage
Red Sandy Loam,Coarse Sandy Loam,173.92806328427793,99.98510479199615,60.31033465681021,6.929160304723521,0.3364191741390619,Low,Larger particles fast drainage
Red Sandy Loam,Coarse Sandy Loam,171.3551802110316,91.84901592934852,68.07913434802822,6.880550950203997,0.357468629717387,Moderate,Larger particles fast drainage
Red Sandy Loam,Coarse Sandy Loam,171.07493491542365,96.7105388303882,62.10007557249263,6.770703117868713,0.24907921957231646,Low,Larger particles fast drainage
Red Sandy Loam,Coarse Sandy Loam,161.30979869072667,99.97718615446573,78.17538915663296,6.587162309842386,0.2439522755162392,Low,Larger particles fast drainage
Red Sandy Loam,Coarse Sandy Loam,172.61724851085245,93.7766613022198,60.12795738440561,6.918831308586097,0.23537301700745014,Moderate,Larger particles fast drainage
Red Sandy Loam,Gravelly Sandy Loam,152.46247545421696,77.53684769661362,66.56578805962644,6.666795421144271,0.1263932123922127,Low,Mixed with small pebbles poor water retention
Red Sandy Loam,Gravelly Sandy Loam,154.4816083640204,89.36681875465091,61.86265085298327,6.803475001026824,0.10713245991297211,Low,Mixed with small pebbles poor water retention
Red Sandy Loam,Gravelly Sandy Loam,178.8603666358034,72.8663629843178,53.664347194760914,6.637010081858561,0.19223726258432125,Low,Mixed with small pebbles poor water retention
Red Sandy Loam,Gravelly Sandy Loam,153.27200538935858,73.48705629923765,60.38706652335782,6.225155418542259,0.11057457647848293,Low,Mixed with small pebbles poor water retention
Red Sandy Loam,Gravelly Sandy Loam,158.50623723788465,70.98475124173223,58.17525370828572,6.49321929509284,0.11671925282704633,Low,Mixed with small pebbles poor water retention
Red Sandy Loam,Gravelly Sandy Loam,152.03123158814617,71.00893896036598,68.13850258990334,6.7197301684470485,0.11345605713153184,Low,Mixed with small pebbles poor water retention
Red Sandy Loam,Gravelly Sandy Loam,179.11551902600488,80.89940416064995,53.338903046998624,6.992830712767884,0.1068253816032546,Low,Mixed with small pebbles poor water retention
Red Sandy Loam,Gravelly Sandy Loam,177.52242300258328,79.78766155899143,56.43242445395331,6.624471607146756,0.11870102162163948,Low,Mixed with small pebbles poor water retention
Red Sandy Loam,Gravelly Sandy Loam,151.20300920785465,73.2369407147615,62.97100637966402,6.793563998820201,0.17706979862790287,Low,Mixed with small pebbles poor water retention
Red Sandy Loam,Gravelly Sandy Loam,170.68208366030834,73.0082145262227,58.35181952578269,6.398038465829357,0.13548985972890767,Low,Mixed with small pebbles poor water retention
Red Sandy Loam,Gravelly Sandy Loam,178.8933750720111,78.66718106597779,59.66359494794048,6.559706375733341,0.1468976482490217,Low,Mixed with small pebbles poor water retention
Red Sandy Loam,Gravelly Sandy Loam,160.6014807612177,87.8196406465261,57.34611725101032,6.0006828678340325,0.17947851184111488,Low,Mixed with small pebbles poor water retention
Red Sandy Loam,Gravelly Sandy Loam,178.95172329215018,82.4916603436421,62.16044614785141,6.026369659972877,0.12844872037928004,Low,Mixed with small pebbles poor water retention
Red Sandy Loam,Gravelly Sandy Loam,160.15894019345816,80.93484588878103,64.86821955836193,6.256562998024968,0.1260298977130938,Low,Mixed with small pebbles poor water retention
Red Sandy Loam,Gravelly Sandy Loam,176.71493199805298,77.56440893225601,52.68852851221479,6.049187951718025,0.18111136083428353,Low,Mixed with small pebbles poor water retention
Red Sandy Loam,Gravelly Sandy Loam,172.86107690584817,82.77404285669779,57.52226283759805,6.644699711697504,0.18788475564461415,Low,Mixed with small pebbles poor water retention
Red Sandy Loam,Gravelly Sandy Loam,156.9488557529254,74.61481204626482,56.27427171514355,6.270223093940199,0.15955482894148332,Low,Mixed with small pebbles poor water retention
Red Sandy Loam,Gravelly Sandy Loam,155.64244166522366,74.49747552794682,54.517447658918904,6.294392822345159,0.16795407371385757,Low,Mixed with small pebbles poor water retention
Red Sandy Loam,Gravelly Sandy Loam,178.48772517015072,76.38374015234636,61.00263282163455,6.819938287701905,0.10585740753007758,Low,Mixed with small pebbles poor water retention
Red Sandy Loam,Gravelly Sandy Loam,161.70704922783523,77.80392075616311,57.12992093457652,6.390747793721814,0.11378356662352733,Low,Mixed with small pebbles poor water retention
Black Cotton Soil,Shallow Black Soil,82.54465931116799,75.15218616562319,77.11384753465215,7.581856140279255,0.436232203358102,High,Thin layer prone to cracking
Black Cotton Soil,Shallow Black Soil,86.54721698043757,73.38521331281288,69.9414999304358,7.664260879882768,0.41601707628946666,High,Thin layer prone to cracking
Black Cotton Soil,Shallow Black Soil,83.02610814421892,77.32900459626096,61.99614192308343,7.81293551405599,0.49691862377961954,High,Thin layer prone to cracking
Black Cotton Soil,Shallow Black Soil,82.83689175435777,77.55476783525384,72.70353353086477,7.894757483346195,0.41013372714262303,High,Thin layer prone to cracking
Black Cotton Soil,Shallow Black Soil,80.79861480779937,76.97710095072945,64.82305901175002,7.951792483509151,0.5817509176780727,High,Thin layer prone to cracking
Black Cotton Soil,Shallow Black Soil,78.85583998162403,75.0332615243608,68.52840710752602,7.5460074107272845,0.4399050614116593,High,Thin layer prone to cracking
Black Cotton Soil,Shallow Black Soil,72.5586851655339,70.32381110647407,60.77717086412754,7.889400595784528,0.5554677534696688,High,Thin layer prone to cracking
Black Cotton Soil,Shallow Black Soil,72.47073768438081,73.1842039034588,75.94294249934292,7.938514966781298,0.4856110822056691,High,Thin layer prone to cracking
Black Cotton Soil,Shallow Black Soil,84.17909910114467,79.87426858348528,67.7041969741392,7.583144211709324,0.47451441527216526,High,Thin layer prone to cracking
Black Cotton Soil,Shallow Black Soil,86.88604599143332,76.72377119485289,77.71826204135058,7.573313395565057,0.5001316113268325,High,Thin layer prone to cracking
Black Cotton Soil,Shallow Black Soil,75.1488947277176,75.14475046288734,63.7422324960081,7.615163036871461,0.5011737874243587,High,Thin layer prone to cracking
Black Cotton Soil,Shallow Black Soil,75.25913996331694,71.6754339180192,67.204670945878,7.7998996820175694,0.5481320021966387,High,Thin layer prone to cracking
Black Cotton Soil,Shallow Black Soil,82.0222818539785,77.36979013443342,68.16693604503102,7.838397334875498,0.5048843380902246,High,Thin layer prone to cracking
Black Cotton Soil,Shallow Black Soil,85.28370753813095,79.36941246776945,69.48740177159127,7.812215464557364,0.44442307664347713,High,Thin layer prone to cracking
Black Cotton Soil,Shallow Black Soil,76.12355176524262,74.04082282241583,70.54707834734232,7.853187650246066,0.4152309428003187,High,Thin layer prone to cracking
Black Cotton Soil,Shallow Black Soil,73.28369382123701,75.80338169426113,68.6201147497088,7.8190302888598815,0.45400825805773165,High,Thin layer prone to cracking
Black Cotton Soil,Shallow Black Soil,71.0614777738121,70.08566322285803,78.82602992966558,7.7492190475709375,0.42527379722395114,High,Thin layer prone to cracking
Black Cotton Soil,Shallow Black Soil,80.586997542474,77.01812090435914,70.51317484179565,7.552840591799049,0.41513352588617486,High,Thin layer prone to cracking
Black Cotton Soil,Shallow Black Soil,82.48519522966487,72.9059638724995,70.31544997223709,7.863877533020188,0.49278266107495494,High,Thin layer prone to cracking
Black Cotton Soil,Shallow Black Soil,70.84219027375963,73.79479146708172,64.43273756512276,7.837304229780131,0.5608049401882405,High,Thin layer prone to cracking
Black Cotton Soil,Medium Black Soil,67.75929969257307,76.99933607680191,62.64699578157908,7.542763067173022,0.5841833407086185,High,Sticky retains moisture well
Black Cotton Soil,Medium Black Soil,66.50010472408768,67.11221857018577,67.81254933156917,8.328497618827782,0.6213443735006774,High,Sticky retains moisture well
Black Cotton Soil,Medium Black Soil,72.72750358267342,60.81581477893321,65.61070078379925,7.660316158977437,0.6853357518678522,High,Sticky retains moisture well
Black Cotton Soil,Medium Black Soil,71.67509935308257,72.04259863680103,62.50270116839184,7.698396009087173,0.5726964704254498,High,Sticky retains moisture well
Black Cotton Soil,Medium Black Soil,73.10944789389455,78.11482545039863,63.03234555949245,8.294638304583325,0.6265480567790692,High,Sticky retains moisture well
Black Cotton Soil,Medium Black Soil,79.43240674219251,72.02753188249383,66.469825766666,8.39534834592364,0.5572592293666314,High,Sticky retains moisture well
Black Cotton Soil,Medium Black Soil,74.23217889356484,77.60483734184807,66.83234080864217,7.646671670323576,0.6093662555042166,High,Sticky retains moisture well
Black Cotton Soil,Medium Black Soil,76.09782622131442,70.8078300564069,64.82117839865023,8.0813658631645,0.6319385949172924,High,Sticky retains moisture well
Black Cotton Soil,Medium Black Soil,72.24384686093964,78.78318130799255,67.12592786307273,8.426043871272348,0.5478142110166659,High,Sticky retains moisture well
Black Cotton Soil,Medium Black Soil,61.985857027858785,69.322754088274,68.82092191737974,7.995866325259469,0.5685260930032426,High,Sticky retains moisture well
Black Cotton Soil,Medium Black Soil,73.27032548918451,77.59025647257188,65.60529213055341,7.906848749767911,0.514058443447215,High,Sticky retains moisture well
Black Cotton Soil,Medium Black Soil,67.6110814321979,74.04107010200367,68.74903095729753,8.390639819218164,0.6382942785647311,High,Sticky retains moisture well
Black Cotton Soil,Medium Black Soil,60.578564808149835,61.638662718411624,63.73899334463919,8.205088949874558,0.5867651113537241,High,Sticky retains moisture well
Black Cotton Soil,Medium Black Soil,61.425753040140194,66.7768471242718,66.94851558327744,7.656275886208446,0.5883807453107066,High,Sticky retains moisture well
Black Cotton Soil,Medium Black Soil,66.0185712308263,71.47412964946645,67.18093085677246,7.997959343685245,0.5372060772200109,High,Sticky retains moisture well
Black Cotton Soil,Medium Black Soil,76.52958539654495,62.670921041285645,67.07116505822098,8.479871273733657,0.5546778910991168,High,Sticky retains moisture well
Black Cotton Soil,Medium Black Soil,60.78650298402822,66.60825347133498,67.7910007381402,7.88836153847374,0.5146525673942166,High,Sticky retains moisture well
Black Cotton Soil,Medium Black Soil,78.20917881262037,67.82181091858105,68.5556860449792,8.239066331987024,0.6295085160344518,High,Sticky retains moisture well
Black Cotton Soil,Medium Black Soil,65.0506561452354,63.60939308946485,62.466709648644176,7.680367508178166,0.6560764535590398,High,Sticky retains moisture well
Black Cotton Soil,Medium Black Soil,71.89355522332728,67.61738259249161,61.44578391324816,8.442671260851384,0.615937699336322,High,Sticky retains moisture well
Black Cotton Soil,Deep Black Soil,76.28445285707419,78.9367121488697,88.14980618193208,8.334483821004655,0.6309251623753114,Very High,High fertility slow drainage
Black Cotton Soil,Deep Black Soil,63.20128004696496,81.13022502201312,75.50608673055095,8.320459448120276,0.7416366595713185,Very High,High fertility slow drainage
Black Cotton Soil,Deep Black Soil,76.94755073402436,86.33840480102737,88.84935038075338,8.098726160498835,0.693182976205874,Very High,High fertility slow drainage
Black Cotton Soil,Deep Black Soil,60.39536902163717,84.61921822955837,72.6356429961745,7.80298491875798,0.762265027002893,Very High,High fertility slow drainage
Black Cotton Soil,Deep Black Soil,83.8282268929855,73.22974582118492,85.73110021120408,8.320669601279455,0.7715041622447977,Very High,High fertility slow drainage
Black Cotton Soil,Deep Black Soil,62.90298605319957,85.9712351916069,83.18196818970999,8.489792135261359,0.6317127137402728,Very High,High fertility slow drainage
Black Cotton Soil,Deep Black Soil,76.62858254697755,81.83021194073694,77.23087089201434,8.304163658401492,0.6588938997555862,Very High,High fertility slow drainage
Black Cotton Soil,Deep Black Soil,85.70653591450169,82.61056262898845,88.35021471218688,7.9195768308985794,0.6372588587412518,Very High,High fertility slow drainage
Black Cotton Soil,Deep Black Soil,66.89166872977198,78.394906469025,79.17676158210253,7.9303547671116315,0.7559113439223389,Very High,High fertility slow drainage
Black Cotton Soil,Deep Black Soil,76.62465670467039,74.92486541287768,72.39099053667296,8.426781070879452,0.7223852895539485,Very High,High fertility slow drainage
Black Cotton Soil,Deep Black Soil,88.19016739313744,81.16925011693945,73.34581055531231,8.042526289417998,0.6956118228788464,Very High,High fertility slow drainage
Black Cotton Soil,Deep Black Soil,87.43811341301608,80.16599888310914,74.91414808418408,8.252651470829512,0.6075844174071432,Very High,High fertility slow drainage
Black Cotton Soil,Deep Black Soil,74.48359843431696,82.51924025832999,74.4207920656522,8.074942286409543,0.6755403437807249,Very High,High fertility slow drainage
Black Cotton Soil,Deep Black Soil,65.30968109806683,86.43395241579917,73.65349830922418,8.444215191846984,0.7533211732017553,Very High,High fertility slow drainage
Black Cotton Soil,Deep Black Soil,63.44274760343066,73.59803772960034,70.70486000996681,7.928210797578993,0.6792214010995322,Very High,High fertility slow drainage
Black Cotton Soil,Deep Black Soil,64.99245254387745,86.58467888657195,71.02238517792682,8.21620978927146,0.6692776600121768,Very High,High fertility slow drainage
Black Cotton Soil,Deep Black Soil,79.26771557895067,81.24441771972606,72.50261173370517,8.443020143827885,0.6943206404181955,Very High,High fertility slow drainage
Black Cotton Soil,Deep Black Soil,79.65945614543323,70.43593755877794,76.26872968911334,8.030055597509406,0.611794922301999,Very High,High fertility slow drainage
Black Cotton Soil,Deep Black Soil,80.29207474210784,84.65634131124872,88.41296476875065,7.816144406955322,0.6120462692394644,Very High,High fertility slow drainage
Black Cotton Soil,Deep Black Soil,73.28498442774946,80.68013216830374,76.0332693115927,7.814273339820122,0.7342223540491508,Very High,High fertility slow drainage
Coastal Alluvial,,101.18668941772782,100.19275947245049,104.39227127022265,7.103440586528872,0.5524663757056805,High,Fertile good water retention
Coastal Alluvial,,112.7562063560326,93.7666860547613,97.68556954576677,6.8017207802602275,0.514620566191847,High,Fertile good water retention
Coastal Alluvial,,120.36792917771693,118.58886796584522,88.41586646943307,6.92619022876364,0.5367114908391284,High,Fertile good water retention
Coastal Alluvial,,118.33968758080539,107.19854037489165,89.29822193967532,7.008702540023784,0.5046511432086229,High,Fertile good water retention
Coastal Alluvial,,113.7394229575556,100.78430767065392,83.4081245161231,6.7433825454259715,0.4890512443427735,High,Fertile good water retention
Coastal Alluvial,,109.02092264790107,119.57314455028032,84.79871910919704,7.0813055210586136,0.3060122040189868,High,Fertile good water retention
Coastal Alluvial,,114.80427444875278,113.24684538638898,96.84102405083058,6.667833831084466,0.3123817827525609,High,Fertile good water retention
Coastal Alluvial,,100.973091103892,107.34934740487218,92.80712479210862,7.2149733223096195,0.5743103309955315,High,Fertile good water retention
Coastal Alluvial,,122.21862082656645,105.17163746716939,107.3613923815621,7.180333821268382,0.35193167227158156,High,Fertile good water retention
Coastal Alluvial,,106.53453882401463,114.71551486376566,102.4354708254901,7.250286696140977,0.5443138313048761,High,Fertile good water retention
Coastal Alluvial,,126.52756616564866,94.55878400607564,105.9443283842666,6.607262749471868,0.5263956480400102,High,Fertile good water retention
Coastal Alluvial,,105.5224603627611,91.09736393530636,108.15791792577008,7.241692823023254,0.40956182053756474,High,Fertile good water retention
Coastal Alluvial,,102.28749239341752,112.17387933881933,93.42190031097628,7.327188948116526,0.5469538781619354,High,Fertile good water retention
Coastal Alluvial,,118.51017299249514,107.43086216884085,94.48748430466668,7.461032853771202,0.5106922280392407,High,Fertile good water retention
Coastal Alluvial,,128.94099709568437,106.00669587849049,103.81466858040973,6.870581065301832,0.5612080022250179,High,Fertile good water retention
Coastal Alluvial,,107.6872442362371,98.64925309882166,82.03175673093168,7.490448014566521,0.505907361262931,High,Fertile good water retention
Coastal Alluvial,,115.81224878942396,111.76779378638102,91.26554264667124,6.6380595055922536,0.4946138995321345,High,Fertile good water retention
Coastal Alluvial,,111.87863635038596,101.74256384321959,86.39781399347478,6.909976744679121,0.38685620963763556,High,Fertile good water retention
Coastal Alluvial,,103.72020095664125,111.73472475808798,92.72182316640148,7.138124930060161,0.4014306238848596,High,Fertile good water retention
Coastal Alluvial,,110.31689778558463,110.1974616854817,89.47928928864008,7.418854810878196,0.5927152606429082,High,Fertile good water retention
Coastal Alluvial,,124.54212348080495,114.88601479102142,90.37658310896329,7.137063504285273,0.49709339096797334,High,Fertile good water retention
Coastal Alluvial,,129.11859750138018,117.69561463273543,82.42639978125965,6.946641711955036,0.570682275987856,High,Fertile good water retention
Coastal Alluvial,,117.9564448812035,99.69278785038455,102.99914826674953,6.767569321890105,0.3383540385214325,High,Fertile good water retention
Coastal Alluvial,,109.55298101845791,94.71841989102316,92.33087669699222,6.590436461325784,0.5697402794842241,High,Fertile good water retention
Coastal Alluvial,,129.61096752620819,119.17268926188902,83.71765955293404,7.170175589675539,0.3064402986963937,High,Fertile good water retention
Coastal Alluvial,,116.16059499099796,112.60653303549421,98.00138895713278,7.14944081357568,0.33200910723707716,High,Fertile good water retention
Coastal Alluvial,,102.46769376857694,90.72801293546166,91.74319119327163,6.924693324280759,0.4859710348837755,High,Fertile good water retention
Coastal Alluvial,,106.11027632929515,119.0556482853676,90.84211183727965,6.909046537763082,0.3949601270905608,High,Fertile good water retention
Coastal Alluvial,,114.99254990396366,99.10611905456236,94.42253523956988,6.8888874114396605,0.4535905970730705,High,Fertile good water retention
Coastal Alluvial,,111.70766603712947,104.91658613065297,94.00696625201097,7.13861813882396,0.3165301160718205,High,Fertile good water retention
Coastal Alluvial,,129.72052832381513,95.37461436204514,82.61344739201463,6.639770449669278,0.5992145886420013,High,Fertile good water retention
Coastal Alluvial,,117.9567807623551,104.18726482641348,101.41060961522844,7.135085019234605,0.3088083776359901,High,Fertile good water retention
Coastal Alluvial,,124.29226515109202,116.64776989686615,87.94518493092349,6.664812827688891,0.5788092692328224,High,Fertile good water retention
Coastal Alluvial,,111.37636545102053,92.45381256780139,101.46808702051365,6.5050144238398495,0.5020709216355463,High,Fertile good water retention
Coastal Alluvial,,110.60928778985846,118.57914553866578,99.74553890362412,6.905644630395555,0.3914209885555743,High,Fertile good water retention
Coastal Alluvial,,123.60152799789209,105.96899280921302,88.8609626174452,6.6805343144667795,0.5516249731490996,High,Fertile good water retention
Coastal Alluvial,,101.80882266067464,116.96815314467102,104.44426112652955,6.72142847944526,0.48136826139333877,High,Fertile good water retention
Coastal Alluvial,,116.19923253045422,97.00381166969794,107.56591069986526,7.061503753359179,0.3030199062941361,High,Fertile good water retention
Coastal Alluvial,,117.94344762104805,103.81824001340297,100.33427803996383,7.137077191014027,0.45758351263219665,High,Fertile good water retention
Coastal Alluvial,,102.65948430448873,92.9045163139291,82.14137912461216,7.185840795058773,0.3750113206500104,High,Fertile good water retention
Coastal Alluvial,,121.84655396892684,93.27827018759517,91.7593931346319,7.065070501471464,0.5646025542983413,High,Fertile good water retention
Coastal Alluvial,,113.76394933013096,114.29513009641208,85.49013158396588,6.912529305681045,0.3178313885768472,High,Fertile good water retention
Coastal Alluvial,,112.98627270274034,99.37479545417142,94.68067341302678,6.8898609068723005,0.3005624831272673,High,Fertile good water retention
Coastal Alluvial,,112.54674245147704,101.4740933263664,97.6303165686847,7.3992043326326815,0.42343752867254636,High,Fertile good water retention
Coastal Alluvial,,114.62021809665902,97.9492794425338,97.73212843721323,7.437211140434965,0.46343658562420154,High,Fertile good water retention
Coastal Alluvial,,122.8095413370091,97.19577484055635,80.18029707650754,6.607635453068587,0.37998907623929457,High,Fertile good water retention
Coastal Alluvial,,110.82783635306694,113.06719991779585,87.43846841340915,7.451904759029359,0.540602704095644,High,Fertile good water retention
Coastal Alluvial,,106.35489678074123,117.74462714782808,99.70140750406887,6.7019480059262415,0.3855573198244279,High,Fertile good water retention
Coastal Alluvial,,124.21649439243977,116.70008316874039,92.40202957039934,7.175397656547999,0.5155984036708414,High,Fertile good water retention
Coastal Alluvial,,120.44811252927516,113.4501236058178,81.2496774030658,7.33655814891683,0.30287872203439425,High,Fertile good water retention
Coastal Alluvial,,119.21011266917073,97.17237055858708,104.52330997927072,6.613739028389522,0.4763979375423326,High,Fertile good water retention
Coastal Alluvial,,112.91488911676292,118.37305938345048,106.6622145630279,7.044644053832545,0.5763540550498996,High,Fertile good water retention
Coastal Alluvial,,111.6257283819588,98.99827447833096,108.26388637335592,6.779956066322093,0.5678410956902177,High,Fertile good water retention
Coastal Alluvial,,112.99826845443692,115.81055667820604,104.12172554691516,7.158356611844761,0.5053521634824123,High,Fertile good water retention
Coastal Alluvial,,110.01132994483166,90.39927620339304,108.42544893651635,6.790538693926495,0.3659244325239614,High,Fertile good water retention
Coastal Alluvial,,118.12229058460153,119.96507001102073,87.02514969009822,6.709767099981234,0.33359085071636363,High,Fertile good water retention
Coastal Alluvial,,127.24402512723223,94.58072363876698,91.5287572608156,7.356134039543366,0.5848802457794138,High,Fertile good water retention
Coastal Alluvial,,100.1192863439902,117.95414187593022,101.04300973928022,7.038545955475897,0.522806614071417,High,Fertile good water retention
Coastal Alluvial,,122.16154594622259,92.16671586713181,88.0550750806174,6.732663023301608,0.43689394032484785,High,Fertile good water retention
Coastal Alluvial,,116.38154825021674,118.08616789908629,108.7035472412151,7.400913017948201,0.37768332353821354,High,Fertile good water retention
Coastal Alluvial,,103.81698768013977,98.9735113820168,94.48575440478629,6.729589655562659,0.3259582205929654,High,Fertile good water retention
Coastal Alluvial,,112.10344216687295,111.03689803651586,101.60878823042012,6.946401288800338,0.584772103503533,High,Fertile good water retention
Coastal Alluvial,,105.25303730568196,98.55289246590524,97.66116472289677,7.4231325848553915,0.4721732335406664,High,Fertile good water retention
Coastal Alluvial,,110.79395517082723,97.33138821510133,92.42843870156914,6.63877591834033,0.5777123803638762,High,Fertile good water retention
Coastal Alluvial,,122.07568153387264,109.7310391247606,91.12955252196963,7.372263186662261,0.3282812111613213,High,Fertile good water retention
Coastal Alluvial,,113.39901818139282,101.19856480551097,85.12201053078729,7.166951265552401,0.30800044713741326,High,Fertile good water retention
Coastal Alluvial,,120.1840489194258,108.65598814910115,109.06737361083162,7.396682261168553,0.5286356664573918,High,Fertile good water retention
Coastal Alluvial,,118.32879494473227,101.53464486729017,96.01733544712576,6.830278782222559,0.36227477301298594,High,Fertile good water retention
Coastal Alluvial,,126.48538764234142,115.70826845176714,80.9181623737905,6.914026494941221,0.5601730865610208,High,Fertile good water retention
Coastal Alluvial,,111.29807704691655,91.99565649338136,97.82771403397075,7.46874103024306,0.5004964502563172,High,Fertile good water retention
Coastal Alluvial,,111.11402110880275,112.42396296689564,91.5339576549159,6.731815148544707,0.46725181825184686,High,Fertile good water retention
Coastal Alluvial,,110.81712430010428,112.75671851037171,83.68714893395773,7.065032886995357,0.40812234348912285,High,Fertile good water retention
Coastal Alluvial,,101.02829139523743,99.78305449582768,104.55876273624982,6.703103698205887,0.534480056639857,High,Fertile good water retention
Coastal Alluvial,,124.32556041412066,102.12980268211886,86.01021119336059,6.520641085607929,0.49564906131328873,High,Fertile good water retention
Coastal Alluvial,,123.24789821199415,116.15333391604514,80.03203783760718,7.221715388141583,0.39131741334476183,High,Fertile good water retention
Coastal Alluvial,,122.85554730845502,116.16881259672007,80.42604512570308,6.813886854203226,0.4597767464759627,High,Fertile good water retention
Coastal Alluvial,,121.09385358824294,96.00996430163323,85.47188770590266,7.257550296148888,0.40007715598891314,High,Fertile good water retention
Coastal Alluvial,,123.83675963539646,97.32415135603918,97.45806758892677,6.980077942117982,0.5608738715674533,High,Fertile good water retention
Coastal Alluvial,,126.36668842003775,117.37251717887851,87.5049572491016,6.595362137516866,0.4112466204252955,High,Fertile good water retention
Coastal Alluvial,,106.88379586921822,105.86301466309254,94.09485516926858,7.426243432562881,0.5802106879412493,High,Fertile good water retention
Coastal Alluvial,,129.30302544538853,98.10803787081592,108.58730019281711,6.912513538687301,0.4760110677379201,High,Fertile good water retention
Coastal Alluvial,,112.28186034394759,102.80604378438439,98.68439615710174,7.18683100680372,0.5921495060804771,High,Fertile good water retention
Coastal Alluvial,,109.6110246128857,90.84410519230815,99.23420539381584,6.6281289436231665,0.3186477368097627,High,Fertile good water retention
Coastal Alluvial,,114.78416943418283,98.91494636916565,84.01144694750135,6.593877218838666,0.5018129617864298,High,Fertile good water retention
Coastal Alluvial,,129.90284460605244,102.39423911141553,83.5188555089619,7.140694054927793,0.5166424188544749,High,Fertile good water retention
Coastal Alluvial,,100.19709852905619,118.4856048209257,104.0232392825657,7.343008384224669,0.5079929398976002,High,Fertile good water retention
Coastal Alluvial,,127.34384137269393,111.96280642210176,100.38865510375172,6.600290547727762,0.3371012334234968,High,Fertile good water retention
Coastal Alluvial,,123.46730054890523,106.51246185350301,100.13228552155803,6.988441968767976,0.39197154562333836,High,Fertile good water retention
Coastal Alluvial,,113.97371751178397,119.25440354630675,104.24006311466125,6.7022960727019765,0.5998366612419099,High,Fertile good water retention
Coastal Alluvial,,109.29673863200405,107.23406105096359,90.87982698180542,7.369651165728974,0.5569944546217791,High,Fertile good water retention
Coastal Alluvial,,106.54918569918026,97.6755487886703,82.81258949415619,7.320478700308144,0.5961638477646227,High,Fertile good water retention
Coastal Alluvial,,100.90977112264314,108.09543403928498,85.38809308903244,7.070583210458899,0.5414758185846849,High,Fertile good water retention
Coastal Alluvial,,121.72245077214563,116.70484748793183,109.65957710596827,7.010524811723925,0.4473427018894147,High,Fertile good water retention
Coastal Alluvial,,107.33508344960805,117.13643886436054,101.99618400934827,7.450059823548697,0.5925438202529745,High,Fertile good water retention
Coastal Alluvial,,107.53919268571995,102.66069401208296,82.77054054873679,7.455022570297137,0.5318170848248431,High,Fertile good water retention
Coastal Alluvial,,108.04248467682828,105.20622596469786,108.98142780457741,7.333517362798656,0.47627677977639227,High,Fertile good water retention
Coastal Alluvial,,118.38708070219793,118.03022438229067,84.15731568765435,6.708352517824684,0.4843901059486446,High,Fertile good water retention
Coastal Alluvial,,129.5762802722532,114.09865670251199,92.80806677765221,6.803408116962354,0.3924542737303667,High,Fertile good water retention
Coastal Alluvial,,108.02246806168117,111.06258571174118,92.99815798831564,7.328762571865076,0.4798487924469509,High,Fertile good water retention
Coastal Alluvial,,119.11030647792919,114.63816291913783,80.35005522072207,6.697818159098427,0.3899397256354827,High,Fertile good water retention
Coastal Alluvial,,123.60792020426283,108.7339039426697,92.31260362586079,7.470909585994891,0.4240631423524742,High,Fertile good water retention
Coastal Alluvial,,113.10286651689647,118.23811561837903,106.88534765227018,7.097380971510677,0.4786325720805229,High,Fertile good water retention
Coastal Alluvial,,111.8300816294872,114.28640622099954,86.45092528354968,6.91118139628597,0.5434375173453962,High,Fertile good water retention
Coastal Alluvial,,105.95440019614117,98.89470001571618,90.05010759907057,7.467367532591954,0.5995524364504496,High,Fertile good water retention
Coastal Alluvial,,101.1498581270219,104.6811108892572,102.09555855660348,6.587115770489589,0.5565617269145051,High,Fertile good water retention
Coastal Alluvial,,116.4212696187569,103.76773221010188,80.05755966530369,6.576290210048655,0.565887531676613,High,Fertile good water retention
Coastal Alluvial,,113.74554724542602,111.26046548561317,108.7189108750428,7.2398269251922605,0.5714691398131448,High,Fertile good water retention
Coastal Alluvial,,123.8602169072494,96.02671872035633,92.27313369108056,7.3429975125683615,0.5594839593619229,High,Fertile good water retention
Coastal Alluvial,,109.19367416215371,113.63209426564876,86.62563781142774,7.094785550568124,0.48892138754386794,High,Fertile good water retention
Coastal Alluvial,,126.53509464206142,112.49987753223516,82.71538869024059,6.766288202888346,0.56209013389779,High,Fertile good water retention
Coastal Alluvial,,106.41767292293578,112.9162355517936,85.62031598967327,6.832455024329892,0.517466954762129,High,Fertile good water retention
Coastal Alluvial,,121.46474102301693,96.52072389732098,83.46173670057347,6.686823159640883,0.5266378703894343,High,Fertile good water retention
Coastal Alluvial,,108.04734538489215,118.6378647097168,91.11996783792877,6.511930046697287,0.5308318320294765,High,Fertile good water retention
Coastal Alluvial,,118.68113553564821,92.88358295834509,93.0571981671658,7.29923005052703,0.3414731737478394,High,Fertile good water retention
Coastal Alluvial,,105.14916676653476,90.96466002443016,85.57176711312893,7.457455809270435,0.44264105644404733,High,Fertile good water retention
Coastal Alluvial,,103.80331097513402,110.90115949800607,98.88190628343438,6.560649220712133,0.5312247348429919,High,Fertile good water retention
Coastal Alluvial,,125.89552842884004,117.78493394682563,105.66959285960371,6.79343950463663,0.31217218728286034,High,Fertile good water retention
Coastal Alluvial,,107.0322769257822,92.45389639899183,86.21970424859146,7.3651604424021375,0.3849474774720917,High,Fertile good water retention
Coastal Alluvial,,127.36468417812758,97.80652573313228,86.44470560194377,7.200535448206551,0.4892496122076826,High,Fertile good water retention
Coastal Alluvial,,117.53467889164534,115.84205255902052,100.52737482133273,6.653388115707485,0.3704135494101418,High,Fertile good water retention
Sandy Soil,,158.69450612627804,85.37488972004734,79.61988293733769,6.886736398616307,0.17317652927155466,Moderate,Fast drainage low nutrient retention
Sandy Soil,,152.56049294059997,83.63348231568968,72.18227656442363,6.410863529938433,0.28366625023314107,Moderate,Fast drainage low nutrient retention
Sandy Soil,,154.44169159295316,84.34307165760843,69.69681125808037,6.939348260789778,0.21148035964772788,Moderate,Fast drainage low nutrient retention
Sandy Soil,,159.4946957833512,85.36676946648154,78.2372502202459,6.883821130216742,0.2520549033938131,Moderate,Fast drainage low nutrient retention
Sandy Soil,,154.14270733561222,89.66834640350477,72.04576454413747,6.459127214592688,0.18191968284565202,Moderate,Fast drainage low nutrient retention
Sandy Soil,,153.54001749922338,82.06529524731457,75.66912469137651,6.859782210404302,0.24069593756401939,Moderate,Fast drainage low nutrient retention
Sandy Soil,,140.0052377989933,91.57271395367174,60.22245951578782,6.1079680038448245,0.2812696591469176,Low,Fast drainage low nutrient retention
Sandy Soil,,153.98388541595816,98.63068471359536,76.86085218859222,6.985145709969731,0.17232352299787546,Moderate,Fast drainage low nutrient retention
Sandy Soil,,155.64823670231286,82.94344474596971,77.39554708984289,6.886455565316714,0.17782984199963148,Low,Fast drainage low nutrient retention
Sandy Soil,,158.61544475705662,95.23063774374778,69.56618621296019,6.626921456662771,0.2848187835777354,Moderate,Fast drainage low nutrient retention
Sandy Soil,,141.68664822027773,93.08856914471535,78.35366716426046,6.271813511110961,0.2901181055170947,Moderate,Fast drainage low nutrient retention
Sandy Soil,,155.75941616604652,97.83632409092601,74.4058261289712,6.737529292600158,0.27425038160787496,Moderate,Fast drainage low nutrient retention
Sandy Soil,,155.05821440202416,86.65219587325309,71.88155875978937,6.391845503684106,0.12583932163390682,Low,Fast drainage low nutrient retention
Sandy Soil,,158.6608972175221,99.73113775705382,71.04493196087107,6.80280284378335,0.2907540899470811,Moderate,Fast drainage low nutrient retention
Sandy Soil,,153.6645734858339,90.45375918833902,65.71197008592141,6.3818539080783445,0.2478959999555357,Moderate,Fast drainage low nutrient retention
Sandy Soil,,153.19603800671646,98.38454895432811,75.0415805323974,6.325504012870897,0.26537005002331254,Low,Fast drainage low nutrient retention
Sandy Soil,,154.83638099197577,80.44363174411927,67.25072148893749,6.293236083514151,0.23637073637616804,Moderate,Fast drainage low nutrient retention
Sandy Soil,,145.69452227361907,98.50514159692119,73.55415067527171,6.948656690326784,0.29249029959527284,Moderate,Fast drainage low nutrient retention
Sandy Soil,,156.6379160222123,80.15860250487557,62.22032076130257,6.843229946546029,0.29491288901674073,Moderate,Fast drainage low nutrient retention
Sandy Soil,,150.85049845471954,97.53997915025944,71.18299716978233,6.363918167635413,0.17840056412800043,Moderate,Fast drainage low nutrient retention
Sandy Soil,,154.44466331715125,89.82695322036174,72.1030419602118,6.5246479908445805,0.15314119565624967,Moderate,Fast drainage low nutrient retention
Sandy Soil,,157.9651203077373,91.50277063944739,69.12832845464074,6.8196857741073895,0.15746033241664642,Low,Fast drainage low nutrient retention
Sandy Soil,,145.08093797002135,82.99498068293231,65.31551940437541,6.548243943612733,0.18438420851052673,Moderate,Fast drainage low nutrient retention
Sandy Soil,,148.8721129887889,87.76562830112447,66.07088620109074,6.0341750719013385,0.2169746148131112,Moderate,Fast drainage low nutrient retention
Sandy Soil,,153.11905002835624,97.72083531562025,63.03786613227896,6.104353284539822,0.131061726894043,Moderate,Fast drainage low nutrient retention
Sandy Soil,,157.92357507977565,86.13397684357855,68.42072902101576,6.064611754122853,0.12714519244665443,Moderate,Fast drainage low nutrient retention
Sandy Soil,,141.84547992892965,84.54381261068737,71.49714781057023,6.65167937666315,0.23810891579728372,Moderate,Fast drainage low nutrient retention
Sandy Soil,,151.32167670758315,95.04650776185892,67.27694171267348,6.774547060531406,0.13765929471936714,Low,Fast drainage low nutrient retention
Sandy Soil,,157.0350855528994,89.15764549797959,78.47806477953264,6.656604830997282,0.10458471172809368,Low,Fast drainage low nutrient retention
Sandy Soil,,142.23731842129672,95.22094708322429,61.97037424659329,6.8098559812760735,0.285147114525951,Moderate,Fast drainage low nutrient retention
Sandy Soil,,150.64889698054944,91.37596757478057,62.153727577984526,6.383350023602115,0.10638543939489742,Low,Fast drainage low nutrient retention
Sandy Soil,,142.85747038407212,91.52437982388325,74.7333676548767,6.920751867603708,0.15516402246790345,Low,Fast drainage low nutrient retention
Sandy Soil,,145.9809780974459,91.17424019197927,66.53227974580881,6.530489859613101,0.17384642723197297,Moderate,Fast drainage low nutrient retention
Sandy Soil,,154.4204126989576,82.19894865815857,76.15866050054514,6.3404773319547,0.1653819979456591,Moderate,Fast drainage low nutrient retention
Sandy Soil,,144.19739726142456,87.09069600786582,70.07696942479643,6.425676838486001,0.2504386170680408,Moderate,Fast drainage low nutrient retention
Sandy Soil,,148.40786704736914,82.7394567448128,78.78041648667643,6.396966444539865,0.19101242152814701,Low,Fast drainage low nutrient retention
Sandy Soil,,148.20797826052177,88.43429756583599,62.76521762612785,6.750015622210044,0.29819772768458486,Moderate,Fast drainage low nutrient retention
Sandy Soil,,152.78375900232822,93.10272421246394,65.57330699000606,6.922298179018217,0.16214041447696884,Low,Fast drainage low nutrient retention
Sandy Soil,,150.6716322607577,86.31426677630694,77.7189829044798,6.963481165841962,0.15977553110273515,Low,Fast drainage low nutrient retention
Sandy Soil,,143.63134425364566,95.47017090444439,72.9651061086532,6.817354041977495,0.2810764658275308,Moderate,Fast drainage low nutrient retention
Sandy Soil,,149.32780526434053,96.57534858840145,63.11261697921763,6.338571756545984,0.20207068095299313,Moderate,Fast drainage low nutrient retention
Sandy Soil,,144.24515094546854,96.18277334104948,67.99107194910088,6.181700657394549,0.2810267863339164,Low,Fast drainage low nutrient retention
Sandy Soil,,142.66333640861447,90.20848042498865,71.76737706572892,6.934070345357919,0.2881554376326324,Low,Fast drainage low nutrient retention
Sandy Soil,,146.94469378269378,91.63854976185047,75.43285196926281,6.443357705822143,0.20700593428110842,Moderate,Fast drainage low nutrient retention
Sandy Soil,,144.01539396403672,82.01937473924691,67.50212304611274,6.293779780668986,0.22810476707466915,Moderate,Fast drainage low nutrient retention
Sandy Soil,,142.9412871330085,88.43700219222136,62.850432072703704,6.581531977535105,0.2870419528663092,Low,Fast drainage low nutrient retention
Sandy Soil,,148.8979737324213,94.29916481111246,65.66417090671933,6.48202976614852,0.17301967746190824,Moderate,Fast drainage low nutrient retention
Sandy Soil,,158.8250219845682,88.99367108319151,76.37969401002509,6.394543263401764,0.18802144692807288,Moderate,Fast drainage low nutrient retention
Sandy Soil,,147.41005930139545,99.17595766004358,66.29138276004727,6.46785826780422,0.2950025458783137,Moderate,Fast drainage low nutrient retention
Sandy Soil,,152.8588218806612,93.47165140038715,79.39159259316014,6.390815353959729,0.20673046773637346,Low,Fast drainage low nutrient retention
Sandy Soil,,141.84190705295728,88.35963351126063,66.17956035433853,6.181477283323014,0.1946584281881097,Moderate,Fast drainage low nutrient retention
Sandy Soil,,150.82928577261404,93.83885539245264,74.36814442404872,6.814051442465001,0.19935196278375228,Moderate,Fast drainage low nutrient retention
Sandy Soil,,159.29194382364113,80.60409452161886,79.66878076030507,6.407910965512916,0.12381390262228294,Low,Fast drainage low nutrient retention
Sandy Soil,,157.1587077217324,93.04231056050688,64.4428449855723,6.600981438652755,0.18193563721771183,Low,Fast drainage low nutrient retention
Sandy Soil,,144.61360910385937,90.07116352508461,62.37569392807411,6.925585616496201,0.11151040673877424,Moderate,Fast drainage low nutrient retention
Sandy Soil,,148.43182533420756,98.92209414816156,69.70265171955279,6.665272724599476,0.18792239712514108,Moderate,Fast drainage low nutrient retention
Sandy Soil,,147.22346474859492,99.26784099606449,62.700527939004694,6.356926699385052,0.28531106399682293,Low,Fast drainage low nutrient retention
Sandy Soil,,153.4684600645465,85.88164625064653,76.19358876848216,6.309793653154804,0.222453206393269,Low,Fast drainage low nutrient retention
Sandy Soil,,141.0701576178189,90.2312418214327,60.77067173712452,6.455195411422078,0.10617508850493196,Moderate,Fast drainage low nutrient retention
Sandy Soil,,147.79642189570077,91.19637965439175,61.559187651039124,6.036983880903142,0.25083505264778805,Moderate,Fast drainage low nutrient retention
Sandy Soil,,141.48152486041866,92.36501231095231,70.54688695783803,6.531752268499322,0.15049454017107047,Low,Fast drainage low nutrient retention
Sandy Soil,,150.3207912080384,93.76156292916912,74.68166993431753,6.553403966752308,0.11011161710501643,Low,Fast drainage low nutrient retention
Sandy Soil,,150.45585851876635,94.12433741945691,79.75449315362295,6.017948767264225,0.2675113353863138,Moderate,Fast drainage low nutrient retention
Sandy Soil,,145.65007061711782,96.00914620843116,78.53039392791416,6.8784414398036064,0.12210160126618222,Low,Fast drainage low nutrient retention
Sandy Soil,,144.6372335278749,87.53936863883102,72.48219956305618,6.165532223088853,0.16023359664936748,Moderate,Fast drainage low nutrient retention
Sandy Soil,,154.65447109204266,84.30586292611946,61.01852320789663,6.923648904895062,0.11183163543744797,Moderate,Fast drainage low nutrient retention
Sandy Soil,,150.83457503624507,96.46769266059593,60.97656142352115,6.363731423568261,0.23606405959810176,Low,Fast drainage low nutrient retention
Sandy Soil,,155.29060299115395,80.7593271913733,68.25673292410605,6.076897600879102,0.24159829068839592,Low,Fast drainage low nutrient retention
Sandy Soil,,146.56991764941316,87.11915099491404,73.71819433125077,6.516702353810036,0.16776130393098612,Low,Fast drainage low nutrient retention
Sandy Soil,,144.44547867975922,94.10167505120062,78.51786943596764,6.568968615398933,0.26604413884981104,Low,Fast drainage low nutrient retention
Sandy Soil,,149.42621588713897,83.10859866302062,70.89356185439122,6.305386571187514,0.2591305981276689,Low,Fast drainage low nutrient retention
Sandy Soil,,147.47302939785254,84.41939274425634,79.172674876721,6.802880467690416,0.1461218885639793,Moderate,Fast drainage low nutrient retention
Sandy Soil,,159.68885402771167,82.62977505555153,66.62046821452174,6.593053549258866,0.1807573176753071,Moderate,Fast drainage low nutrient retention
Sandy Soil,,158.0415852692831,80.19693805595341,77.44008518319033,6.882481034216542,0.14666871098056516,Moderate,Fast drainage low nutrient retention
Sandy Soil,,155.78157236515375,92.46512518434125,66.07360360550975,6.174852936633972,0.26371292855748796,Moderate,Fast drainage low nutrient retention
Sandy Soil,,145.38817215594017,91.71457528428984,74.27430568509352,6.067490291329799,0.16594901277822863,Moderate,Fast drainage low nutrient retention
Sandy Soil,,156.57713161338566,90.05979511139539,73.803293101295,6.372655024475715,0.23136568557737094,Moderate,Fast drainage low nutrient retention
Sandy Soil,,150.16328977121017,94.69573293780938,78.10328230361105,6.479881231984259,0.21292274020738305,Moderate,Fast drainage low nutrient retention
Sandy Soil,,158.257595264769,89.65347208578848,71.55452657786601,6.84999020215014,0.1103308022474837,Low,Fast drainage low nutrient retention
Sandy Soil,,153.2755254221533,85.83857813575705,70.45892144538927,6.178459337509883,0.20168895001630655,Moderate,Fast drainage low nutrient retention
Sandy Soil,,156.19513063844653,83.29852310459327,60.53562814412486,6.627388213180164,0.1472169943121123,Moderate,Fast drainage low nutrient retention
Sandy Soil,,152.19592032028942,89.99429054403056,74.40332471444442,6.559187239827869,0.11882728022655141,Moderate,Fast drainage low nutrient retention
Sandy Soil,,150.74490658130455,99.57414446662743,63.66326468358838,6.069322552242307,0.23881961362529594,Moderate,Fast drainage low nutrient retention
Sandy Soil,,149.28792896345382,92.99003742638843,66.70464011480382,6.112192355509905,0.29889486681847266,Low,Fast drainage low nutrient retention
Sandy Soil,,146.89645187045159,80.87187251893594,60.67283774006384,6.878785194156944,0.19258684296906048,Moderate,Fast drainage low nutrient retention
Sandy Soil,,143.4110100322723,82.32773721740905,65.51598215789338,6.510644735233752,0.25939158220739167,Moderate,Fast drainage low nutrient retention
Sandy Soil,,140.0189806263432,92.47912963235545,74.80041334628446,6.704575917074521,0.2933539256446323,Moderate,Fast drainage low nutrient retention
Sandy Soil,,152.49363809116457,92.81452037579487,63.99439918613725,6.430348767768018,0.2398585740106495,Moderate,Fast drainage low nutrient retention
Sandy Soil,,144.26854571814323,96.64062895841263,64.4343133122984,6.209630737828016,0.20994411334822582,Moderate,Fast drainage low nutrient retention
Sandy Soil,,156.29382261855568,92.899942564952,66.9237426613471,6.94703903865515,0.1534813141068284,Low,Fast drainage low nutrient retention
Sandy Soil,,145.78552089210837,80.6781597284414,76.67757516501564,6.573154737584412,0.25922193850591224,Low,Fast drainage low nutrient retention
Sandy Soil,,149.93424050871675,88.35271255124863,77.68942292972741,6.950411510474123,0.13099372739686846,Low,Fast drainage low nutrient retention
Sandy Soil,,142.53819453398063,95.64535144733817,76.87740235421603,6.039414420273734,0.2570282104199193,Moderate,Fast drainage low nutrient retention
Sandy Soil,,149.4578403896028,86.85439776522202,66.53605627009372,6.411654142867837,0.18410171309829815,Low,Fast drainage low nutrient retention
Sandy Soil,,153.595783615148,83.36945993489633,67.37114319173331,6.619361202552782,0.14628771349077827,Low,Fast drainage low nutrient retention
Sandy Soil,,158.8196378914018,82.44646024470023,65.5313959825321,6.282241104214702,0.10530921149392342,Low,Fast drainage low nutrient retention
Sandy Soil,,149.4009824547346,94.07644036747118,73.04646249356634,6.543540295634237,0.10131989732944482,Moderate,Fast drainage low nutrient retention
Sandy Soil,,142.01039716978872,85.59844142981419,71.97894970881643,6.2807419586273365,0.17326725290957345,Low,Fast drainage low nutrient retention
Sandy Soil,,147.08985688642915,91.38255008296298,70.14827702909929,6.970475235099813,0.10561777291749899,Low,Fast drainage low nutrient retention
Sandy Soil,,148.72589239332166,82.32775086907812,76.46865545890063,6.4420045851935495,0.19984575297112422,Low,Fast drainage low nutrient retention
Sandy Soil,,145.4180185038932,92.73469105693512,66.31128585602282,6.277812403110673,0.28834675694407386,Moderate,Fast drainage low nutrient retention
Sandy Soil,,153.568225158904,83.6910034288443,70.89339943277048,6.349671266826006,0.2660807187896045,Moderate,Fast drainage low nutrient retention
Sandy Soil,,154.6389489116022,80.38287118335337,61.49916700131385,6.63240723294285,0.14133503939361383,Moderate,Fast drainage low nutrient retention
Sandy Soil,,143.83163068355904,82.62569695770122,71.2645004270526,6.700049782283218,0.11627081005456082,Low,Fast drainage low nutrient retention
Sandy Soil,,143.9899853870083,81.61821032656852,69.74321426549334,6.348510777010545,0.1973810253934472,Moderate,Fast drainage low nutrient retention
Sandy Soil,,140.87252879289923,95.13608446047499,74.33505335549542,6.113715328113865,0.2894526284036736,Low,Fast drainage low nutrient retention
Sandy Soil,,149.41140273248834,87.49809608375534,74.93763199129629,6.42765803592647,0.2306332620151947,Low,Fast drainage low nutrient retention
Sandy Soil,,144.76821469567471,84.68284091487726,70.82005011803022,6.464682899102933,0.24358917856632045,Moderate,Fast drainage low nutrient retention
Sandy Soil,,154.91160224872655,86.49229127371396,77.9374641556959,6.962546780363834,0.1078938306741067,Low,Fast drainage low nutrient retention
Sandy Soil,,159.81168916244104,82.39554996244908,62.89253208973272,6.499845141970327,0.1737798323185352,Moderate,Fast drainage low nutrient retention
Sandy Soil,,149.0388267943723,87.97074547353232,64.86724866761635,6.389653239763314,0.29484453747057027,Low,Fast drainage low nutrient retention
Sandy Soil,,140.02764899097446,85.4421798671914,70.86138615946686,6.6685270910798025,0.12237413810585612,Moderate,Fast drainage low nutrient retention
Sandy Soil,,154.0103871611701,97.17068564403368,60.477047064677,6.574740853262392,0.15063029747363957,Low,Fast drainage low nutrient retention
Sandy Soil,,157.1332694270906,91.99664337819495,60.428004674987164,6.252356877988766,0.2125503150390251,Low,Fast drainage low nutrient retention
Sandy Soil,,141.77367993632174,80.02185644621517,74.35844516618239,6.946679351014353,0.1756117187775201,Moderate,Fast drainage low nutrient retention
Sandy Soil,,157.22171942666697,92.02246339077514,72.37014723615695,6.134055285193547,0.23231106187747344,Moderate,Fast drainage low nutrient retention
Sandy Soil,,141.02239212031353,80.49905904876569,76.79805538188816,6.790364870637314,0.1680193440966234,Moderate,Fast drainage low nutrient retention
Sandy Soil,,141.17194578057223,96.04051328064006,67.23522578879096,6.134874036201865,0.11910719898795147,Low,Fast drainage low nutrient retention
Sandy Soil,,153.92718818439926,96.1270811251184,67.04361628284107,6.413927654509591,0.15334926872945936,Moderate,Fast drainage low nutrient retention
Sandy Soil,,141.9561696038409,97.37684221636405,76.73588267097168,6.621742779354199,0.1382548600370313,Moderate,Fast drainage low nutrient retention
Loamy Soil,,90.62680214164442,99.07229217941284,90.4220074122651,6.0609587089282035,0.36741117110078636,Moderate,Balanced texture good fertility
Loamy Soil,,112.73193531348475,105.13481508250723,73.70711403344309,6.986093934251086,0.3593525969955188,High,Balanced texture good fertility
Loamy Soil,,103.98837399688043,82.37469879730823,97.7643936309653,7.324317096500682,0.36022154510247306,Moderate,Balanced texture good fertility
Loamy Soil,,100.83004623757228,80.12169848077947,85.2449368365215,7.35011199171463,0.367042134371085,High,Balanced texture good fertility
Loamy Soil,,95.32126967134204,97.61037000230368,94.66613471865206,6.971246823298487,0.4095752021050891,Moderate,Balanced texture good fertility
Loamy Soil,,90.97887076492401,109.43311141008057,79.64543794628705,7.255647587945556,0.37326085809262965,Moderate,Balanced texture good fertility
Loamy Soil,,93.46436879813407,88.80629950572396,86.26488783254149,6.158486137626098,0.4570825811747993,Moderate,Balanced texture good fertility
Loamy Soil,,96.5227060795507,103.73908975347622,71.44311837208883,7.0515969684963515,0.4527160496857394,Moderate,Balanced texture good fertility
Loamy Soil,,92.31864934518704,96.96380576019047,76.90575170487826,6.504662441520175,0.4162348646712202,High,Balanced texture good fertility
Loamy Soil,,95.5296533511392,91.8975916608232,73.70978041864878,6.273098098516354,0.35877537958204,High,Balanced texture good fertility
Loamy Soil,,107.07562265906745,84.33456240675491,82.32904129232239,7.362829408635399,0.40827377776966145,Moderate,Balanced texture good fertility
Loamy Soil,,92.55496458533332,103.59158509340955,99.24021581146992,7.168125180418567,0.21742441503205273,High,Balanced texture good fertility
Loamy Soil,,101.13490994093824,108.58719882687683,74.07106249138262,6.580842735958683,0.3871737432325576,Moderate,Balanced texture good fertility
Loamy Soil,,117.61633419106637,92.22557397542,83.16908620435233,6.244897836466257,0.38340755484739214,Moderate,Balanced texture good fertility
Loamy Soil,,93.1366505064762,83.01047691818442,93.4286355254687,6.273146691084384,0.386176386698989,Moderate,Balanced texture good fertility
Loamy Soil,,114.88431699692887,108.78298769075082,80.12838096558232,7.131869300039449,0.4512848059614468,High,Balanced texture good fertility
Loamy Soil,,90.20386638651738,80.38059898275723,87.01302314985479,6.130273450937025,0.4524415099741608,High,Balanced texture good fertility
Loamy Soil,,117.22370455171516,98.52193055592201,71.06244362085388,6.718892295784368,0.4518830509890978,High,Balanced texture good fertility
Loamy Soil,,112.28716302625571,92.6841679535215,89.83183855524872,6.359914167900441,0.26790192436721155,Moderate,Balanced texture good fertility
Loamy Soil,,90.85065732962867,103.26010619620418,73.55807591405886,6.097588578646029,0.4334809169686781,High,Balanced texture good fertility
Loamy Soil,,103.5692269620414,102.56745466769719,75.32110747190595,6.138961604983932,0.43384889525483755,Moderate,Balanced texture good fertility
Loamy Soil,,90.80458412614453,87.19797368847584,94.0172396332528,6.292776313972932,0.20158920655919,High,Balanced texture good fertility
Loamy Soil,,118.61932940983229,85.04090966152951,89.68441209835474,6.019376772688948,0.48671878493597803,Moderate,Balanced texture good fertility
Loamy Soil,,101.06458429740395,86.64975962523577,71.5745587029542,6.852481301641692,0.38337300209085934,High,Balanced texture good fertility
Loamy Soil,,105.04067257036304,106.79578940126926,75.37850482530945,6.641573853713163,0.442749685452585,Moderate,Balanced texture good fertility
Loamy Soil,,102.70604813900641,80.9991781796812,78.07533037442116,7.4026391471387445,0.38665773983348617,Moderate,Balanced texture good fertility
Loamy Soil,,118.51979600529863,97.26091623002284,70.99797011391688,6.3524941692056665,0.24317214558121653,Moderate,Balanced texture good fertility
Loamy Soil,,99.36778473711647,81.37913638046733,97.46848478492193,6.219891015285466,0.3538600476699626,High,Balanced texture good fertility
Loamy Soil,,112.62386971744863,98.2598049303785,72.4249225454389,6.52440459196349,0.43632384723789974,High,Balanced texture good fertility
Loamy Soil,,111.60290992033569,95.3115825450802,88.41644924311247,7.30087051332323,0.359079534431228,Moderate,Balanced texture good fertility
Loamy Soil,,109.81542331492216,108.52951439854778,94.63011174755319,7.063023878260649,0.3139361115885302,High,Balanced texture good fertility
Loamy Soil,,98.2386574705067,108.46034333952767,71.06246705417848,6.054007730580533,0.4039674796578837,Moderate,Balanced texture good fertility
Loamy Soil,,114.81750268652185,86.30656565634968,78.57880702150831,6.182642389754667,0.49562279863556813,High,Balanced texture good fertility
Loamy Soil,,100.6546760199029,103.88336160733053,94.51240171344574,7.376138425293278,0.3570796435521773,Moderate,Balanced texture good fertility
Loamy Soil,,101.59712025252682,106.79696582526711,79.45317337010353,7.044102216008753,0.2614743931193867,Moderate,Balanced texture good fertility
Loamy Soil,,94.62127704636632,90.27760461543514,92.65575900732341,6.7504831004517065,0.2092002410511719,High,Balanced texture good fertility
Loamy Soil,,107.49044403911924,106.81734962176861,99.93978767801927,6.637080408456451,0.24299434150060506,High,Balanced texture good fertility
Loamy Soil,,92.66648751518427,87.4290369500697,89.54886048553928,6.5459991736878935,0.2826632559658399,High,Balanced texture good fertility
Loamy Soil,,113.42527118993448,107.64222592647019,91.44479930180523,6.238141686240486,0.21436390232259234,High,Balanced texture good fertility
Loamy Soil,,95.0387079033354,96.18778464773968,72.39201434270534,6.015762578223379,0.44889812944642005,High,Balanced texture good fertility
Loamy Soil,,91.04986202183038,80.51553878553969,89.15814950169816,6.6052221537488185,0.3925698335615151,Moderate,Balanced texture good fertility
Loamy Soil,,115.5692011281388,108.17323711156428,74.10307334069415,6.5202977678929335,0.26603311148820036,High,Balanced texture good fertility
Loamy Soil,,110.75899246748673,101.73910513032543,71.47457384092591,7.199906545664786,0.43975817287582564,High,Balanced texture good fertility
Loamy Soil,,113.65414327328666,85.60314976288613,79.6150293715301,6.030580907465527,0.4547830985410518,Moderate,Balanced texture good fertility
Loamy Soil,,109.57242813089529,100.85263608815356,79.91244731483803,6.928655132631747,0.293919698500872,High,Balanced texture good fertility
Loamy Soil,,113.87117819592004,103.40977546134475,70.60420782356796,7.303080978377995,0.4749178504368791,High,Balanced texture good fertility
Loamy Soil,,112.91384924483387,101.25700706696304,86.07581200372795,7.130428300386916,0.46581022827569796,Moderate,Balanced texture good fertility
Loamy Soil,,116.42022493120945,109.87661290561637,96.51828447982882,6.520973968990917,0.2193241919544633,Moderate,Balanced texture good fertility
Loamy Soil,,105.5153128752615,103.52164316804841,86.83722676397946,6.289016629116614,0.45246475750164805,Moderate,Balanced texture good fertility
Loamy Soil,,112.34567432208564,90.9362679602321,78.31474412063496,7.260839935854323,0.39345648193629656,High,Balanced texture good fertility
Loamy Soil,,117.27966106454669,85.38958848901784,79.4702925228662,6.310280033715035,0.3819910873570215,Moderate,Balanced texture good fertility
Loamy Soil,,113.19266658827499,85.64867198783172,96.36574404135621,6.704559217226566,0.42184328526031856,Moderate,Balanced texture good fertility
Loamy Soil,,107.49012948801987,84.17603615339941,90.35908599824417,7.209329585750141,0.29226711821409196,High,Balanced texture good fertility
Loamy Soil,,118.6066268499948,96.17717591603864,82.89530271892603,6.8509659232350675,0.4367243110470274,High,Balanced texture good fertility
Loamy Soil,,105.39973874756242,98.77287481965335,86.75902157672628,7.231688666148957,0.37020710705394,Moderate,Balanced texture good fertility
Loamy Soil,,115.2680544084447,87.2986076445062,78.89084508451657,7.2460565805002926,0.29777177911772035,Moderate,Balanced texture good fertility
Loamy Soil,,110.45379991204243,97.7086527662135,72.52626081577162,7.245089534453314,0.38648455387390224,Moderate,Balanced texture good fertility
Loamy Soil,,118.9368731310089,102.83440190572898,90.70208303446978,6.605939841797193,0.25189086001294664,Moderate,Balanced texture good fertility
Loamy Soil,,93.63282365889685,98.80956133090669,82.23046044900113,6.972353696946719,0.21072732914065595,High,Balanced texture good fertility
Loamy Soil,,112.2260534747441,99.11435495231166,73.42994136256449,6.02302747704381,0.40516587470707816,High,Balanced texture good fertility
Loamy Soil,,94.89810790749915,103.35286810452664,72.81650099553575,7.44572765311497,0.24661206121907336,Moderate,Balanced texture good fertility
Loamy Soil,,93.01140759449329,99.90524090973494,86.27777410478149,7.4659046851404565,0.48698119867386724,Moderate,Balanced texture good fertility
Loamy Soil,,99.46109392407186,84.91512516545416,98.4627928817993,7.388624649679997,0.20922385377570116,Moderate,Balanced texture good fertility
Loamy Soil,,117.13720157477766,102.49593906622198,79.29778918731832,6.449746304709662,0.3809318679548257,High,Balanced texture good fertility
Loamy Soil,,92.5579443242059,101.59711327683947,71.00092248394866,7.343045687317156,0.44036190947822285,Moderate,Balanced texture good fertility
Loamy Soil,,90.5986744945573,84.92355859058058,95.7176661058306,6.873920594317877,0.373516283879869,Moderate,Balanced texture good fertility
Loamy Soil,,106.32912443235699,107.04805029986781,90.90802258731506,6.948663884931953,0.4836106424054823,High,Balanced texture good fertility
Loamy Soil,,92.18060891260524,83.13464829164394,79.89628987977355,6.007667516408686,0.4268536187869834,Moderate,Balanced texture good fertility
Loamy Soil,,103.38736718727516,102.34021239393911,92.28022130325097,6.059098639434485,0.32949755582009344,High,Balanced texture good fertility
Loamy Soil,,94.06473513114489,103.48950047938337,94.88831062067855,6.874093474335018,0.30970916845902646,High,Balanced texture good fertility
Loamy Soil,,101.76704225651017,87.13886271297281,72.9229927897299,6.716649427796611,0.25317455396549876,High,Balanced texture good fertility
Loamy Soil,,119.2949982859408,108.37214147674266,71.42724288245931,7.20957296953956,0.38728475747060354,High,Balanced texture good fertility
Loamy Soil,,101.96123135831925,90.48090303508711,76.0477116805427,7.232112695256964,0.4349574933501333,High,Balanced texture good fertility
Loamy Soil,,95.98220266583587,89.47582556466531,88.76798906201248,6.816404548501514,0.46196512881224683,Moderate,Balanced texture good fertility
Loamy Soil,,106.69517365045212,106.96899559289153,93.10779783053155,6.235091815534898,0.3729849250422972,High,Balanced texture good fertility
Loamy Soil,,101.10473482281691,92.53346276981704,77.97507749682795,6.259629076587997,0.4852472820185156,Moderate,Balanced texture good fertility
Loamy Soil,,95.45901482063698,108.6264040041064,97.73029079611301,6.506783203220774,0.3820429858774117,Moderate,Balanced texture good fertility
Loamy Soil,,113.43918312072064,94.3770402196534,95.66887038140916,6.704859881169684,0.3156158176611716,High,Balanced texture good fertility
Loamy Soil,,95.86285523821539,101.60999617552855,98.86761356764032,7.435889047703701,0.257874677230158,High,Balanced texture good fertility
Loamy Soil,,115.13554305252165,105.49173240213814,85.83559637549877,6.9217770611917055,0.4527607361872954,High,Balanced texture good fertility
Loamy Soil,,99.38532699463966,101.98804970430159,87.25604442359224,7.2790791840830575,0.48317190735158894,High,Balanced texture good fertility
Loamy Soil,,103.10065486345435,101.71034051552354,80.5151715807965,6.758506041020407,0.2971773926660095,Moderate,Balanced texture good fertility
Loamy Soil,,103.63785610905629,81.84971887645968,94.53634867753792,6.421980658297473,0.4968317933812949,High,Balanced texture good fertility
Loamy Soil,,93.9490724970538,104.06615280338586,92.84626504771045,7.345619542447691,0.2151455703703849,High,Balanced texture good fertility
Loamy Soil,,98.47921414115737,97.50934594921314,95.95771786180967,6.567395031554983,0.287368054933829,Moderate,Balanced texture good fertility
Loamy Soil,,98.29204303675802,100.96693027696767,93.24977879563038,6.841033930249583,0.3292073314764018,Moderate,Balanced texture good fertility
Loamy Soil,,97.99066152005554,92.09084731977434,99.66917454717016,7.240698981436859,0.37057303171365885,High,Balanced texture good fertility
Loamy Soil,,118.2225857206948,93.6109807539323,86.29081912027266,7.144503976688654,0.30418123408672737,High,Balanced texture good fertility
Loamy Soil,,104.20716395491287,102.55090094824725,71.28311398039011,6.1302006408940475,0.3584587978286258,High,Balanced texture good fertility
Loamy Soil,,105.85786904326488,105.41470649667278,95.90702136545451,6.774903817594383,0.4767188927085566,High,Balanced texture good fertility
Loamy Soil,,117.76618878587507,107.77178472611739,88.080045153095,6.473432744411209,0.4757092251937335,Moderate,Balanced texture good fertility
Loamy Soil,,100.0674269643374,88.09591211959666,95.7891125290038,6.311627637666109,0.3081927700625079,Moderate,Balanced texture good fertility
Loamy Soil,,97.9559749268172,98.64454562757112,98.73125524006848,6.856547670548094,0.4225874016412765,High,Balanced texture good fertility
Loamy Soil,,101.64864895017742,86.98080307015883,82.13523874617445,6.991195369586617,0.45116703697474436,Moderate,Balanced texture good fertility
Loamy Soil,,94.95589769389318,100.29408829016363,93.2249313051867,7.204968973062137,0.26072182939296873,High,Balanced texture good fertility
Loamy Soil,,97.94593486900776,104.13846993091481,86.92807039732338,6.141322843124682,0.2562510758826042,Moderate,Balanced texture good fertility
Loamy Soil,,107.54640322231593,103.07828121565805,89.77044840129369,6.446581020995144,0.33633077123801824,High,Balanced texture good fertility
Loamy Soil,,98.64298084794164,82.36175941173816,76.45718730300821,6.183579209514699,0.33126492528328066,Moderate,Balanced texture good fertility
Loamy Soil,,90.0568848622831,91.50345169586609,76.05839647484389,7.405673103488533,0.28551447586762124,High,Balanced texture good fertility
Loamy Soil,,113.58633367560432,89.07390916587963,71.84979022966702,6.944331598894339,0.25420598457252064,Moderate,Balanced texture good fertility
Loamy Soil,,92.22421287240357,87.8004381523956,89.73625055144566,7.2570242919310815,0.31872290134592546,High,Balanced texture good fertility
Loamy Soil,,96.39788864473296,96.1957215019538,87.97127412897078,6.109074196931361,0.28857426752969484,Moderate,Balanced texture good fertility
Loamy Soil,,94.55305016426347,84.72639335238442,71.11986860797133,7.3722064967949175,0.23827742090371293,Moderate,Balanced texture good fertility
Loamy Soil,,91.10300163794099,89.43531770249723,95.4437990052837,6.279560282459708,0.4596865918003403,High,Balanced texture good fertility
Loamy Soil,,97.91213517938488,98.27359465489053,70.92260041427379,6.353689412978034,0.31718775985686887,Moderate,Balanced texture good fertility
Loamy Soil,,115.43122860550537,80.03286066655994,85.99830847162048,6.069055120415313,0.31283311346191406,Moderate,Balanced texture good fertility
Loamy Soil,,115.05444375163154,82.37417445230905,95.91490357192878,7.2925808659176505,0.39553638444620265,High,Balanced texture good fertility
Loamy Soil,,98.92265205475331,101.30351940438624,71.74402826805787,6.980271181168925,0.47546881812229386,Moderate,Balanced texture good fertility
Loamy Soil,,90.85611353272353,108.30580456023216,90.55998242094626,6.218035189270616,0.3218427060252716,High,Balanced texture good fertility
Loamy Soil,,116.52420476021508,101.56047792338859,92.11286980747632,7.313392775571176,0.36644960101153357,High,Balanced texture good fertility
Loamy Soil,,107.41564156244485,109.93279717521386,72.92321582775158,6.401315533207226,0.47361212139281966,High,Balanced texture good fertility
Loamy Soil,,113.21135861974558,93.52456519478879,80.815531815745,7.470933234074991,0.33287647213353533,Moderate,Balanced texture good fertility
Loamy Soil,,90.53885710934199,96.55109143753943,83.71072485145733,6.5738871175030225,0.2139062864013693,Moderate,Balanced texture good fertility
Loamy Soil,,108.51499087976252,82.18800896632543,89.34744777277332,6.96355123655965,0.3359773776628989,High,Balanced texture good fertility
Loamy Soil,,106.47413114430883,85.36488800768998,91.10890111627468,6.380694714473491,0.34591838097324057,High,Balanced texture good fertility
Loamy Soil,,106.4966585962336,87.22440058156212,99.34606238460604,6.9446821238172305,0.41457448010220505,Moderate,Balanced texture good fertility
Loamy Soil,,99.76679924671424,100.07741857019633,72.38729877632086,6.94615319380203,0.29789398545385737,High,Balanced texture good fertility
Loamy Soil,,95.06474845032402,94.83017091939746,87.9459792761753,6.417542568677035,0.2424534993118152,High,Balanced texture good fertility
Loamy Soil,,112.33665964799076,93.98750389301122,78.37691176288138,6.66460860250478,0.3016609001626832,High,Balanced texture good fertility
Loamy Soil,,110.54310467899427,108.32403953029701,74.22431377214458,6.080694000372764,0.2635971424098796,Moderate,Balanced texture good fertility
Laterite Soil,,140.66977428182676,64.82245953408975,54.098623806794215,5.894646509468164,0.2314115767074257,Moderate,High iron content moderate drainage
Laterite Soil,,141.3818613322816,62.16851209219398,63.84243783120526,6.0050766488972185,0.14559902586074985,Moderate,High iron content moderate drainage
Laterite Soil,,137.4652138820319,65.63516200964004,52.6101717757657,5.6627793107273074,0.2727660937044223,Moderate,High iron content moderate drainage
Laterite Soil,,140.93514595038178,67.15790840032503,64.67007315324383,5.787606223720477,0.19328474322976097,Moderate,High iron content moderate drainage
Laterite Soil,,141.0178720412404,78.69165895802084,64.45908651751463,5.811005720404487,0.12055762715819365,Moderate,High iron content moderate drainage
Laterite Soil,,145.07482860623207,71.67812764301028,55.58035158764373,6.135796945141317,0.24562130888411618,Moderate,High iron content moderate drainage
Laterite Soil,,139.69886630537658,62.86632561978662,52.18324542252385,6.364463427176277,0.132690986869869,Moderate,High iron content moderate drainage
Laterite Soil,,136.31124193758438,67.21069156735939,68.55570596673486,6.244317007271158,0.24180519865978437,Moderate,High iron content moderate drainage
Laterite Soil,,132.40401878729975,70.12843063069698,59.61681619844248,6.124364617883359,0.10279073448441921,Moderate,High iron content moderate drainage
Laterite Soil,,141.02775963546011,64.61874382578239,63.72806831088067,6.02197322092898,0.18700673326503597,Moderate,High iron content moderate drainage
Laterite Soil,,144.33086337077296,69.31836191859904,52.3514363926603,6.394446976455507,0.17653073235306418,Moderate,High iron content moderate drainage
Laterite Soil,,134.6779510792842,65.75663370451892,63.658649012064565,5.601247124653877,0.2001431793196709,Moderate,High iron content moderate drainage
Laterite Soil,,147.75443925832695,62.176146948002895,54.04960267006808,5.627712833266217,0.16256608652044355,Moderate,High iron content moderate drainage
Laterite Soil,,144.35297293433908,77.69336160360854,51.386862675804096,6.056133782084541,0.12344416339425479,Moderate,High iron content moderate drainage
Laterite Soil,,147.7301990130222,68.31118136602663,68.62296474813694,6.371409581219529,0.10514913187778983,Moderate,High iron content moderate drainage
Laterite Soil,,132.96185635472673,65.83926543007834,58.71434114613615,5.73788546944936,0.16853632569045746,Moderate,High iron content moderate drainage
Laterite Soil,,132.82497025599235,63.45003170693779,52.979009615195885,6.250691219842319,0.1865693146133297,Moderate,High iron content moderate drainage
Laterite Soil,,131.1969243921672,77.95625708710809,57.04540183587532,5.762643417407174,0.22653642291823697,Moderate,High iron content moderate drainage
Laterite Soil,,138.51269859894416,77.3114753727989,61.90183879492295,6.433534762975017,0.16612438782049474,Moderate,High iron content moderate drainage
Laterite Soil,,141.2865263058631,78.56701268263073,69.03623618834146,5.6904963742761066,0.1854508202149806,Moderate,High iron content moderate drainage
Laterite Soil,,148.4481315291675,70.45351395648223,66.55374984941433,6.297406287523429,0.26781688656389935,Moderate,High iron content moderate drainage
Laterite Soil,,144.5938102911008,73.90502843338948,51.94608872641852,6.304753218255135,0.24129680615193805,Moderate,High iron content moderate drainage
Laterite Soil,,146.17498950925696,62.19756116360734,67.54161439465797,5.667215808699616,0.20577650752760085,Moderate,High iron content moderate drainage
Laterite Soil,,137.19933558491152,72.0176911240863,56.19054165708402,5.796227236003721,0.20231290000748064,Moderate,High iron content moderate drainage
Laterite Soil,,146.21753547206737,66.98361056371148,53.003527458875666,5.8799644173221965,0.203037709157524,Moderate,High iron content moderate drainage
Laterite Soil,,136.20332564474313,73.39362195325756,62.25395442030926,5.818779968222854,0.27017164180040587,Moderate,High iron content moderate drainage
Laterite Soil,,140.95180977914347,60.62660450871615,63.48739045050079,6.230753130919224,0.21202277772861783,Moderate,High iron content moderate drainage
Laterite Soil,,147.23688371774946,66.18036035623427,61.36463869627415,5.671983131589509,0.1890315116101431,Moderate,High iron content moderate drainage
Laterite Soil,,148.0833283046946,67.31155010754179,51.78607530034315,5.765459710536625,0.21779695620800504,Moderate,High iron content moderate drainage
Laterite Soil,,133.4507007172891,65.89040152479969,63.39477220508539,6.042539728660437,0.1285313575638153,Moderate,High iron content moderate drainage
Laterite Soil,,146.0147460572145,65.17289857079344,60.9213495945291,5.969539954380416,0.11628495186983206,Moderate,High iron content moderate drainage
Laterite Soil,,148.9001975436361,73.56204606421242,55.78715587090852,6.4294835705842965,0.12592511716967697,Moderate,High iron content moderate drainage
Laterite Soil,,143.20132412016127,65.84299087712093,60.009916059795465,5.719300164119797,0.1931386421794365,Moderate,High iron content moderate drainage
Laterite Soil,,133.14420875360528,77.25722710920854,69.63652613953701,5.7443080875705945,0.15004863212790004,Moderate,High iron content moderate drainage
Laterite Soil,,144.09698861330946,64.06526874772032,62.99468818599958,6.278550173724677,0.13161007153793566,Moderate,High iron content moderate drainage
Laterite Soil,,130.19393558929562,72.98139192011065,53.52907900579612,6.034020661276514,0.2853278775625747,Moderate,High iron content moderate drainage
Laterite Soil,,137.40743015891226,64.46768287083134,62.40631512936294,6.090673004589872,0.14303941898782052,Moderate,High iron content moderate drainage
Laterite Soil,,139.99040479526286,69.66659206353894,61.622016305119146,6.122351156838834,0.23307569534944725,Moderate,High iron content moderate drainage
Laterite Soil,,133.15130614086374,67.37459505110856,63.63843067611691,5.801712710351555,0.2925979215043389,Moderate,High iron content moderate drainage
Laterite Soil,,139.47594923639414,62.39610626234912,56.4910201415266,6.382845535894283,0.19878419888276483,Moderate,High iron content moderate drainage
Laterite Soil,,139.93835036337182,76.83345543239369,60.52623525519902,6.117150935121832,0.2548217490378755,Moderate,High iron content moderate drainage
Laterite Soil,,139.85703303028734,68.22726075651232,51.48324055529369,6.109485034799833,0.25277829933342333,Moderate,High iron content moderate drainage
Laterite Soil,,137.5891300319557,76.44393773145286,52.76334025568302,6.089740770048698,0.26854964211651167,Moderate,High iron content moderate drainage
Laterite Soil,,139.89266369934606,71.91183028496376,64.22672906678045,5.941663458893761,0.12575317748927473,Moderate,High iron content moderate drainage
Laterite Soil,,131.32092839170983,72.2047836567826,64.1342872628038,5.6563689750361,0.24895839472173217,Moderate,High iron content moderate drainage
Laterite Soil,,137.52966715969518,75.87777982254579,51.57739814131312,5.697295359958674,0.2687137094747831,Moderate,High iron content moderate drainage
Laterite Soil,,149.05953150782727,66.40936292985332,52.79771024613679,5.609698962742187,0.16008812269488168,Moderate,High iron content moderate drainage
Laterite Soil,,147.05862976927136,70.2388819625441,50.91917845717346,6.265871948647287,0.21965888041624876,Moderate,High iron content moderate drainage
Laterite Soil,,137.13453871886128,61.4802163442337,58.023862298166215,6.434562458016956,0.12617146192675183,Moderate,High iron content moderate drainage
Laterite Soil,,135.01812942215813,71.07988591582463,65.11215895136024,5.93988139602963,0.18818188096660254,Moderate,High iron content moderate drainage
Laterite Soil,,144.35151805577974,69.34441883511539,58.52118999770427,5.822291966603142,0.1667507434599334,Moderate,High iron content moderate drainage
Laterite Soil,,131.95667490816322,67.92232814961407,55.70583730431797,5.991838852974069,0.13231513661909391,Moderate,High iron content moderate drainage
Laterite Soil,,142.91712842151333,68.17621019147109,57.88927957129535,6.185531803744607,0.2883588717718182,Moderate,High iron content moderate drainage
Laterite Soil,,145.5921192340853,61.565050858930206,60.136913618729736,5.835957107906902,0.12327668386347637,Moderate,High iron content moderate drainage
Laterite Soil,,141.67110830088717,71.83747407767248,50.12315168500789,5.987688400686671,0.1960526277201455,Moderate,High iron content moderate drainage
Laterite Soil,,132.97878570157903,79.39569851957403,57.64985133645636,5.944395200341806,0.1303131030403636,Moderate,High iron content moderate drainage
Laterite Soil,,131.9371546545462,73.10659021542216,61.160209097258345,6.345039474353996,0.23380230952101683,Moderate,High iron content moderate drainage
Laterite Soil,,138.56197332200614,67.82351692565925,58.10086866060326,6.266673115685224,0.10929722680564045,Moderate,High iron content moderate drainage
Laterite Soil,,134.06157940896793,70.18267292970995,67.32261730493201,5.552789881906556,0.2934364817721563,Moderate,High iron content moderate drainage
Laterite Soil,,147.49975455913662,76.40925733057657,60.29893641402086,5.68833350014304,0.1674730375993117,Moderate,High iron content moderate drainage
Laterite Soil,,135.50403162471125,70.52028219228997,62.14324629963465,5.982136338312227,0.14099089330847422,Moderate,High iron content moderate drainage
Laterite Soil,,132.08603192861017,72.90061693611139,62.90265500324763,5.825013503524442,0.1415434450762169,Moderate,High iron content moderate drainage
Laterite Soil,,136.00735648441488,66.13024714803758,51.95405046405013,6.432429657615843,0.20650012059158074,Moderate,High iron content moderate drainage
Laterite Soil,,134.58158300564435,62.506838301293556,61.42460189893001,5.654397093915446,0.1635559729233938,Moderate,High iron content moderate drainage
Laterite Soil,,144.99005549340828,64.51516992850793,67.60461077651591,6.406523453621153,0.236037501065984,Moderate,High iron content moderate drainage
Laterite Soil,,147.53777039283634,72.08503904711877,50.13710936706725,6.112135054369325,0.21363301544683427,Moderate,High iron content moderate drainage
Laterite Soil,,148.5121430426874,61.9383242680622,60.351510352952346,6.106709452879154,0.19738513285137782,Moderate,High iron content moderate drainage
Laterite Soil,,142.85945977878384,67.03690741924609,53.34396068053646,5.887474167508313,0.11009402921990492,Moderate,High iron content moderate drainage
Laterite Soil,,144.5235382112732,78.52030366305675,56.8450782986622,6.2004034290731695,0.1515878342933641,Moderate,High iron content moderate drainage
Laterite Soil,,149.35121633226882,73.97210815804151,69.25767089581173,5.538137617285036,0.10792031219318857,Moderate,High iron content moderate drainage
Laterite Soil,,136.46000848991798,74.67580051732736,50.797408565868075,6.05921962610684,0.19360651513127514,Moderate,High iron content moderate drainage
Laterite Soil,,131.82048254978636,68.44717651791036,58.79341130992245,6.309272423213527,0.1772654991986832,Moderate,High iron content moderate drainage
Laterite Soil,,135.84741640702512,60.9422911282196,51.37064784433353,6.167483961348634,0.24307068491758535,Moderate,High iron content moderate drainage
Laterite Soil,,138.1442293609224,75.9499477810056,55.803264344388644,6.162933173721898,0.23742180205038857,Moderate,High iron content moderate drainage
Laterite Soil,,135.76847853340774,76.79812948089887,60.53505183876118,5.726895974509773,0.12366538856056808,Moderate,High iron content moderate drainage
Laterite Soil,,136.77960280531232,66.4595400987411,65.94036953113957,6.266277938076316,0.19413799698580503,Moderate,High iron content moderate drainage
Laterite Soil,,147.67718306221775,70.94645596687833,56.80425916867388,6.140746403883169,0.1124041384444423,Moderate,High iron content moderate drainage
Laterite Soil,,132.20442471969727,60.67221122829481,63.698419201397385,5.837159597035527,0.2546742782897309,Moderate,High iron content moderate drainage
Laterite Soil,,143.90827152776603,76.75792065977944,54.02968282065799,5.921398879551484,0.11442943459595288,Moderate,High iron content moderate drainage
Laterite Soil,,130.03769767385907,60.98876293478227,60.481792505515344,5.956397189514321,0.24212632520104507,Moderate,High iron content moderate drainage
Laterite Soil,,143.14092042097292,68.9354050170373,60.14843635763377,6.265177558002879,0.17232469907085332,Moderate,High iron content moderate drainage
Laterite Soil,,137.12716554248365,61.78823851490837,66.13601803031001,5.845156595102922,0.2320636298675779,Moderate,High iron content moderate drainage
Laterite Soil,,144.64292933762604,61.60065548123515,63.69795965618011,6.388280937009933,0.1970193367321309,Moderate,High iron content moderate drainage
Laterite Soil,,133.78764607521245,63.04355487842487,53.119987037924496,6.00326616222629,0.24129971701689443,Moderate,High iron content moderate drainage
Laterite Soil,,134.0039906732183,66.0103820013029,68.90125289034697,5.618625864690765,0.21679177627480645,Moderate,High iron content moderate drainage
Laterite Soil,,142.71601798167492,60.13660796092225,51.97735728094856,5.544223151996855,0.14457059614347229,Moderate,High iron content moderate drainage
Laterite Soil,,147.72901020788316,79.15414543901103,67.91036692603548,5.6735598052966285,0.19087735164018732,Moderate,High iron content moderate drainage
Laterite Soil,,142.23070507752846,70.24317423552233,60.13882611229068,6.261835671441352,0.23290317370947275,Moderate,High iron content moderate drainage
Laterite Soil,,148.61111961047155,70.70443296529575,53.58921282122246,5.579910104774256,0.10151027625602489,Moderate,High iron content moderate drainage
Laterite Soil,,142.09054707563118,75.41772927633552,68.66270788600885,6.395908764706673,0.19316822582006188,Moderate,High iron content moderate drainage
Laterite Soil,,140.82796780787177,60.44109319321792,63.862281977220114,5.986575854164415,0.18914163809764484,Moderate,High iron content moderate drainage
Laterite Soil,,142.68579560134486,72.05756039069908,52.59861295328421,5.852238633103565,0.1341055676955916,Moderate,High iron content moderate drainage
Laterite Soil,,135.87065753427433,75.54454109227997,56.52313870092406,6.1541615392083795,0.2635637631763641,Moderate,High iron content moderate drainage
Laterite Soil,,141.23799415039292,68.70245367920667,68.40289564096501,5.7089081723428885,0.28622688148286335,Moderate,High iron content moderate drainage
Laterite Soil,,149.71105479490933,62.4911497454852,63.99595122495705,5.5669469151678825,0.1600417250943538,Moderate,High iron content moderate drainage
Laterite Soil,,148.17031557693312,75.85402676357451,61.69196288726772,5.919299889445064,0.19470240064118202,Moderate,High iron content moderate drainage
Laterite Soil,,146.05551372306707,74.76818573329669,53.49682070064634,5.557524761092977,0.26848564157263066,Moderate,High iron content moderate drainage
Laterite Soil,,138.29582978808256,70.54350573716962,67.05962805119316,6.182313116580468,0.2955466149392721,Moderate,High iron content moderate drainage
Laterite Soil,,131.62120413025136,71.0432245631178,63.25963979683377,5.716072025812056,0.24230494294655736,Moderate,High iron content moderate drainage
Laterite Soil,,148.54002771644488,75.71750290742332,52.63257795057143,6.42085611205414,0.14618563266558823,Moderate,High iron content moderate drainage
Laterite Soil,,147.82605445242584,63.3282124292702,50.60701250844121,6.241723733775426,0.2924767800794086,Moderate,High iron content moderate drainage
Laterite Soil,,130.28215597102223,70.34276610780593,67.4237733981863,5.870267241574523,0.21758365733247004,Moderate,High iron content moderate drainage
Laterite Soil,,147.33904685319504,60.173559042636114,63.79099145383538,5.667391302886079,0.16672038237438375,Moderate,High iron content moderate drainage
Laterite Soil,,146.40848729286037,60.49961045921611,56.63531957671138,6.452409746930465,0.2976718044380432,Moderate,High iron content moderate drainage
Laterite Soil,,146.49940838947066,64.24145102492588,56.842566461539086,5.720348216656099,0.21290227073303403,Moderate,High iron content moderate drainage
Laterite Soil,,141.5230600694757,74.10006289559446,52.56238185423135,5.692370631772659,0.18457799795249386,Moderate,High iron content moderate drainage
Laterite Soil,,136.94176470191246,66.13817736612815,62.747233822440926,6.279443311849792,0.290263491640896,Moderate,High iron content moderate drainage
Laterite Soil,,149.549176903072,61.910654883079125,69.13063855416016,6.166387796092808,0.16338486801375926,Moderate,High iron content moderate drainage
Laterite Soil,,134.18741265638914,68.41238226342615,67.64818565760135,5.647332871233194,0.2059343416256904,Moderate,High iron content moderate drainage
Laterite Soil,,137.34881584969622,60.57896488979496,55.96372035795021,5.569624516904903,0.16546623916775743,Moderate,High iron content moderate drainage
Laterite Soil,,145.61707069396334,78.53229182504575,61.72008128791283,5.572451003324212,0.23472110834181312,Moderate,High iron content moderate drainage
Laterite Soil,,131.3153098713308,60.190208004100235,59.8774443519367,5.688019304734108,0.1629846453743256,Moderate,High iron content moderate drainage
Laterite Soil,,132.27200050395209,66.1396650042455,54.86629495345483,5.564161455011725,0.1670524740257478,Moderate,High iron content moderate drainage
Laterite Soil,,144.3961578367362,71.47487090166689,56.16156682305906,6.352567285481545,0.2197308992072797,Moderate,High iron content moderate drainage
Laterite Soil,,144.93883905381298,68.08524480538476,53.97892249883989,6.038112198650845,0.2489135744785971,Moderate,High iron content moderate drainage
Laterite Soil,,131.41914888116204,71.65702538339292,57.352165388066574,5.560091775049765,0.1740796687564733,Moderate,High iron content moderate drainage
Laterite Soil,,135.0290225550288,71.23475571406092,53.34490547707199,5.535453978022007,0.1514296226296902,Moderate,High iron content moderate drainage
Laterite Soil,,144.32272614134993,79.59802722491149,65.86532688428129,5.952366301353982,0.1315505672753422,Moderate,High iron content moderate drainage
Laterite Soil,,147.26877865831295,60.78572532897917,54.533150329291345,5.591806972420462,0.28898224287144303,Moderate,High iron content moderate drainage
Laterite Soil,,131.48674802675643,71.42521469204655,50.19886179952244,6.334709529498523,0.10895027185929487,Moderate,High iron content moderate drainage
