soil_type,r,g,b,ph,ec
Red Sandy Loam - Fine Sandy Loam,159.92323406499946,96.00529246881528,84.55711723224988,6.616270797691262,0.26098317046617214
Red Sandy Loam - Fine Sandy Loam,162.87978920114097,92.16283282615208,86.30808967035726,6.3051126167598,0.14640316986016882
Red Sandy Loam - Fine Sandy Loam,164.90331704547745,96.48926003780713,89.64041445044214,6.020393319571897,0.11355567974496582
Red Sandy Loam - Fine Sandy Loam,159.6556432443458,91.28860902659808,85.1855959130372,6.8198326587568,0.1698055458440024
Red Sandy Loam - Fine Sandy Loam,160.75730321451925,94.75393857967411,76.17098167677791,6.602153043107565,0.21576785659822628
Red Sandy Loam - Fine Sandy Loam,160.3693670805434,106.59835722258913,75.18171984982742,6.72611271384012,0.24364331874572098
Red Sandy Loam - Fine Sandy Loam,166.88285251080828,101.72434397475874,79.52261082106902,6.590291039122876,0.11605763992124898
Red Sandy Loam - Fine Sandy Loam,157.86108716292773,109.05468744210697,78.23642134354927,6.0916928971338,0.23107068745790885
Red Sandy Loam - Fine Sandy Loam,157.25392374728287,91.12696384915195,73.7883666520702,6.393316347029912,0.10300569453255276
Red Sandy Loam - Fine Sandy Loam,166.48474718130447,103.24185292771872,85.63742971467927,6.768265567579617,0.14669434747783494
Red Sandy Loam - Fine Sandy Loam,155.92732801983786,109.55551595569563,71.13411013304408,6.539690014340372,0.1446520447579623
Red Sandy Loam - Fine Sandy Loam,152.0043761234929,93.54373011378078,77.94103634109324,6.5780207236366675,0.2010045181110362
Red Sandy Loam - Fine Sandy Loam,162.63202788542094,95.62465066936194,86.98392416633831,6.012493346044457,0.2486245080308768
Red Sandy Loam - Fine Sandy Loam,166.81272843898216,94.51435095101584,70.13149652340829,6.082018936586555,0.25374438279962497
Red Sandy Loam - Fine Sandy Loam,150.16888067412313,93.08217159291127,87.19598686714565,6.078909033273201,0.263062289339579
Red Sandy Loam - Fine Sandy Loam,167.09584252907027,102.3766322938184,70.52058146990656,6.726469587698565,0.2152878394628916
Red Sandy Loam - Fine Sandy Loam,163.24573018920896,97.95568647810225,70.01426128538107,6.500647892481545,0.15945095543339002
Red Sandy Loam - Fine Sandy Loam,155.7704021259164,96.38640312710022,88.75518246788927,6.769846010994496,0.18286194316515553
Red Sandy Loam - Fine Sandy Loam,160.99103257296463,94.23009233039136,76.24746243164917,6.72547322896922,0.22146543408012062
Red Sandy Loam - Fine Sandy Loam,164.6652338342828,93.34605737685114,70.95882629482979,6.65793331705682,0.21535781199271595
Red Sandy Loam - Coarse Sandy Loam,176.4530715525936,98.33250343269569,73.48541263661376,6.662035902139731,0.2562758518096439
Red Sandy Loam - Coarse Sandy Loam,168.34357292046383,94.23537844579818,74.29266926615273,6.5716006902996424,0.3735927325753183
Red Sandy Loam - Coarse Sandy Loam,163.01751925328813,90.44019381441638,79.78848130153179,6.976943733999741,0.29927644330289394
Red Sandy Loam - Coarse Sandy Loam,176.97820239616746,99.24556193057384,69.61942047996538,6.722243808095868,0.29416208847747594
Red Sandy Loam - Coarse Sandy Loam,174.7759913660537,96.64880195186157,78.62353118921506,6.576234867757226,0.2182501686819287
Red Sandy Loam - Coarse Sandy Loam,164.12986966334674,97.08790927278548,69.66478946258991,6.516225734020462,0.22648482522634572
Red Sandy Loam - Coarse Sandy Loam,173.65671373671194,99.34823064261431,68.49355096533777,6.954854874937272,0.317749397794557
Red Sandy Loam - Coarse Sandy Loam,179.9557313123282,84.87491641063319,79.71950009308976,6.643921872822778,0.21410260700727687
Red Sandy Loam - Coarse Sandy Loam,177.19197796687985,94.04402438454174,71.73316180678887,6.605964363530501,0.3591364368624199
Red Sandy Loam - Coarse Sandy Loam,179.3974401564664,94.49588759049924,66.498472887131,6.74930756818124,0.31030862928547626
Red Sandy Loam - Coarse Sandy Loam,177.9418779801392,96.7391359614031,71.61303755312484,6.559804669433495,0.3959304814903309
Red Sandy Loam - Coarse Sandy Loam,176.2863255088913,90.62327444610139,79.75230609837274,6.534180228511002,0.33955235301398945
Red Sandy Loam - Coarse Sandy Loam,161.99865009989364,82.7853660832827,61.4602478197563,6.575664282868839,0.34003788893316844
Red Sandy Loam - Coarse Sandy Loam,172.6920965845155,96.66536735943654,71.52788882963704,6.53110600494393,0.34433446540030765
Red Sandy Loam - Coarse Sandy Loam,168.69070220679353,80.36151007640385,66.74049773849937,6.503667011720927,0.39879187723029136
Red Sandy Loam - Coarse Sandy Loam,179.84588309322154,83.92427812499209,73.34100733201751,6.9656598479825185,0.2416902164267163
Red Sandy Loam - Coarse Sandy Loam,160.43648768705847,90.1987303416325,73.4893456769426,6.565457222661974,0.3942168262861453
Red Sandy Loam - Coarse Sandy Loam,169.6958837398211,89.53646090753006,62.82359410530386,6.570769602544904,0.25817352804080806
Red Sandy Loam - Coarse Sandy Loam,176.74957990156753,90.03766480704203,69.2729693946358,6.592475226341449,0.20586292663753503
Red Sandy Loam - Coarse Sandy Loam,163.65619386150755,95.97035219719605,69.75133337777498,6.920750002219408,0.31842286902199257
Red Sandy Loam - Gravelly Sandy Loam,161.82154742860237,70.32305660287035,51.32851887269555,6.506909787961467,0.1906596075080822
Red Sandy Loam - Gravelly Sandy Loam,177.7656050042237,79.11967101574119,69.40969550382665,6.254681465959193,0.12121587903704935
Red Sandy Loam - Gravelly Sandy Loam,179.48527436683622,74.52063239971041,61.39846917836199,6.085007336157806,0.103254058723912
Red Sandy Loam - Gravelly Sandy Loam,176.90855846290125,87.26109015192847,64.12141376549486,6.817405992092496,0.16458420911250288
Red Sandy Loam - Gravelly Sandy Loam,158.86970749934827,71.7641851352227,69.23882661557082,6.517213016177189,0.19414295829079847
Red Sandy Loam - Gravelly Sandy Loam,171.61590461576836,75.88068743935452,59.22318849787111,6.849190442327043,0.1956698806929933
Red Sandy Loam - Gravelly Sandy Loam,168.7348074668497,79.52126451110811,50.95958536753439,6.831742111551106,0.1554113507375107
Red Sandy Loam - Gravelly Sandy Loam,158.10408168523662,79.46108819633547,50.871686978978225,6.754671387022396,0.15724871397051435
Red Sandy Loam - Gravelly Sandy Loam,173.7135404330139,73.9458856701487,64.79921896040821,6.2240848325171,0.13075823886021953
Red Sandy Loam - Gravelly Sandy Loam,159.25192607532284,79.47950438623675,66.53474780364142,6.450273511484664,0.1384014895088666
Red Sandy Loam - Gravelly Sandy Loam,175.9022083569965,72.6338735254059,65.47812253969133,6.260043663713841,0.10938593745342444
Red Sandy Loam - Gravelly Sandy Loam,178.1808170967931,74.07970279888382,56.74978463340399,6.144101883293645,0.16483735172483743
Red Sandy Loam - Gravelly Sandy Loam,152.8611370922066,78.90455311470191,63.838308622788496,6.70716161919982,0.12710721071437203
Red Sandy Loam - Gravelly Sandy Loam,166.8004946272862,80.22813958442806,57.044587989291,6.2900902367169875,0.19996604962396825
Red Sandy Loam - Gravelly Sandy Loam,163.6709765252488,89.16346095657468,51.57729279710151,6.116759663516605,0.10407461487575188
Red Sandy Loam - Gravelly Sandy Loam,167.54407286482686,74.55764860353526,69.83093534223718,6.5289764054200425,0.18221107670067624
Red Sandy Loam - Gravelly Sandy Loam,166.6377407141473,75.7330170481108,61.02660971240447,6.387475937073275,0.17585941508378394
Red Sandy Loam - Gravelly Sandy Loam,176.49950080904733,71.02818410088975,51.76535000881072,6.2454277425737,0.16265301003861254
Red Sandy Loam - Gravelly Sandy Loam,150.0508937441026,70.6649057587885,50.8302605670083,6.8612913908810365,0.1347674708139383
Red Sandy Loam - Gravelly Sandy Loam,152.61400362816386,71.14847585534199,60.45790699033833,6.921231032029992,0.18168290375927726
Black Cotton Soil - Shallow Black Soil,80.16306034112435,72.99076408528612,65.98921217894544,7.774406345052756,0.4055638493190879
Black Cotton Soil - Shallow Black Soil,77.81923643707735,74.12950906435428,61.11047624041395,7.668077801154627,0.508146090400641
Black Cotton Soil - Shallow Black Soil,81.83479884730971,70.46385478541409,75.29184818030737,7.661743346573954,0.5262179994197123
Black Cotton Soil - Shallow Black Soil,72.6063506726264,72.98946885185107,66.12577844226857,7.591461485352816,0.4217621080635138
Black Cotton Soil - Shallow Black Soil,84.77803464512365,78.80922864800608,72.10020933306323,7.668081036911469,0.5293410832836136
Black Cotton Soil - Shallow Black Soil,74.04252730010681,76.40787170323716,78.11576278938384,7.713234936240397,0.4691463050552358
Black Cotton Soil - Shallow Black Soil,72.50952194410392,70.4025947724801,73.44159341110006,7.67792907310098,0.44931210461897825
Black Cotton Soil - Shallow Black Soil,79.06143219172547,76.44355682912328,78.84915924027835,7.816480868631727,0.41314285025992004
Black Cotton Soil - Shallow Black Soil,78.03834239804867,71.41602970182915,61.03009719167979,7.946659570813377,0.4983268367179192
Black Cotton Soil - Shallow Black Soil,89.92010596979273,75.83272502083604,75.99528921438298,7.623159001717957,0.5352353250223904
Black Cotton Soil - Shallow Black Soil,84.95361078047307,79.31939204274305,65.45590738203407,7.870471624702815,0.47647854621088304
Black Cotton Soil - Shallow Black Soil,78.83626510835538,79.82334476244664,69.8663097995323,7.756699008717838,0.4209562649855765
Black Cotton Soil - Shallow Black Soil,86.2525476239829,77.64365487060213,66.29733527577504,7.919932673384625,0.4825270805242949
Black Cotton Soil - Shallow Black Soil,86.36911295896941,71.45835196944174,76.19075298192114,7.812933097043692,0.5480226433065312
Black Cotton Soil - Shallow Black Soil,77.06354933371468,75.2335529666844,61.01899457829859,7.5029552988218855,0.4054870293101743
Black Cotton Soil - Shallow Black Soil,84.41139181178886,72.84587272032691,65.83093822798139,7.508823289710215,0.4750048057644815
Black Cotton Soil - Shallow Black Soil,81.49897130760766,70.14201552363868,77.81795748895179,7.571511925907575,0.5688094843421059
Black Cotton Soil - Shallow Black Soil,85.5569220501606,70.49327417808856,63.003895309801514,7.949922454946791,0.42200347264738974
Black Cotton Soil - Shallow Black Soil,81.47881392126442,73.95711466013206,74.66729937077537,7.684941504580953,0.5991921377952927
Black Cotton Soil - Shallow Black Soil,71.16425958969877,79.35424683560242,78.39815763353982,7.815286354592893,0.5355143355330668
Black Cotton Soil - Medium Black Soil,72.75747380455225,78.99469591590432,65.66525453061024,8.121533460342421,0.5682614687335172
Black Cotton Soil - Medium Black Soil,68.04945557627208,60.20053355672474,68.9696473376545,7.740438872742556,0.6319177124740655
Black Cotton Soil - Medium Black Soil,77.36987414339546,63.81925361412327,64.43549543147857,8.006517186711644,0.5811206383641613
Black Cotton Soil - Medium Black Soil,61.74533029569282,79.81622409347258,64.74346947684757,7.586264060044087,0.554865454532116
Black Cotton Soil - Medium Black Soil,73.18955690210596,69.55673824456849,60.407139852307246,8.199514064418404,0.5408011428632709
Black Cotton Soil - Medium Black Soil,76.6882435343404,62.10981051246385,66.85728298912285,8.136956656554062,0.5994234765267962
Black Cotton Soil - Medium Black Soil,60.11032964680073,73.81377599335534,67.96448869076522,8.354086914335205,0.5836700531596313
Black Cotton Soil - Medium Black Soil,73.8474266722913,61.21717089292131,62.95496018786152,7.831333931076088,0.6456433129762377
Black Cotton Soil - Medium Black Soil,76.8634922896422,71.20989065680048,60.0768135680638,8.164318223593071,0.6159838722037865
Black Cotton Soil - Medium Black Soil,74.51748401489931,74.77708980913503,63.475373257395866,8.28689457040345,0.5462697158422658
Black Cotton Soil - Medium Black Soil,72.92643372997358,60.4746557630776,62.61482487603793,7.951366437316384,0.6762832846431813
Black Cotton Soil - Medium Black Soil,64.33960089985939,62.392533420587775,65.2715066552516,8.252134978721053,0.5897452709747116
Black Cotton Soil - Medium Black Soil,74.47044146883002,68.6829115005072,67.86456719748126,8.013911723061142,0.6183246803686915
Black Cotton Soil - Medium Black Soil,72.33624632832858,75.49233800956281,66.93287587019564,8.468681072575963,0.554068385425181
Black Cotton Soil - Medium Black Soil,68.8344882055481,72.34364257555453,66.35131930007618,7.802753735206803,0.5937310699126949
Black Cotton Soil - Medium Black Soil,60.12799518745977,66.74979449964871,65.34978649719969,7.5600315123172965,0.6327917165143941
Black Cotton Soil - Medium Black Soil,70.57400450924449,79.35458794801909,62.86375533344867,7.589222546168828,0.6124390145659813
Black Cotton Soil - Medium Black Soil,70.20414304733988,78.78787460873389,60.42562383596197,7.986596366835572,0.6460123099347772
Black Cotton Soil - Medium Black Soil,61.062672219540985,78.95237244070843,65.06086361243142,7.837391647424764,0.681248834565645
Black Cotton Soil - Medium Black Soil,75.43656677889369,74.41441371595349,63.182614116273626,7.7758378902629595,0.5156068736304744
Black Cotton Soil - Deep Black Soil,70.75353148515435,77.57247058948775,83.21795606472547,7.9418336647622345,0.6163867980899108
Black Cotton Soil - Deep Black Soil,72.08514970987105,77.34091518092083,71.21016105666023,8.122703928554824,0.646365175825569
Black Cotton Soil - Deep Black Soil,61.921058177883936,74.85164241149732,77.71452806824794,7.812369571093721,0.6617032917866045
Black Cotton Soil - Deep Black Soil,78.75717790098533,82.57410109523211,77.73776858427253,8.428961364362356,0.6910002365434098
Black Cotton Soil - Deep Black Soil,75.20266315673885,89.90258093485033,78.91324769063642,7.990728142306222,0.7103781185521207
Black Cotton Soil - Deep Black Soil,83.83157314724608,84.75207232621455,84.19847335932228,8.02140072241108,0.6044163132046636
Black Cotton Soil - Deep Black Soil,72.0921233409092,85.27853088806498,81.83438891270515,8.005525912047311,0.755803938883698
Black Cotton Soil - Deep Black Soil,80.07024846330751,82.95720354004489,88.09787209166808,7.860789808686088,0.7661004458138545
Black Cotton Soil - Deep Black Soil,85.4458930834858,77.04176732605455,78.21808136713092,8.195352933260713,0.6042354896995052
Black Cotton Soil - Deep Black Soil,84.80639440163118,79.30784292749183,88.71132562394412,8.252962579645644,0.6947608694675995
Black Cotton Soil - Deep Black Soil,78.83544437870509,76.84178108765951,72.87472457497064,8.20249732827407,0.616264495651055
Black Cotton Soil - Deep Black Soil,69.96357888564974,76.20979117118601,84.05198599759551,8.386298133085067,0.7460685069940723
Black Cotton Soil - Deep Black Soil,77.11607921392364,86.81669375452728,89.93523694561267,7.893644090302691,0.6226313720370233
Black Cotton Soil - Deep Black Soil,66.49391845617005,75.51137409148456,81.58697797640806,8.228855754525604,0.693261837364334
Black Cotton Soil - Deep Black Soil,74.76144284987613,88.12156488456469,74.32865342247709,8.221514206384661,0.6491033471235234
Black Cotton Soil - Deep Black Soil,65.93768899381276,79.5448908040402,78.73512845956589,7.864200088225364,0.6828211599755389
Black Cotton Soil - Deep Black Soil,61.38266640401646,85.18944600428684,87.45945246739012,8.25690169987336,0.6248947828536812
Black Cotton Soil - Deep Black Soil,80.12027669936921,83.88958486847957,86.84703458798002,8.241963731960247,0.748078953442954
Black Cotton Soil - Deep Black Soil,68.60158592959748,78.63151771377788,76.25812394975064,8.027168732040627,0.7035211249451453
Black Cotton Soil - Deep Black Soil,62.78940148504187,81.71832946653254,82.81664110862398,8.278544845291464,0.7461717443640187
Coastal Alluvial,113.25663420554949,92.10644890493364,92.68629594216812,7.157896473992448,0.5867781924480606
Coastal Alluvial,117.45074094875423,91.4234574388508,84.3844414854872,7.113986513167678,0.33814280173604894
Coastal Alluvial,119.20775212433352,113.84397309180022,106.65666849578605,6.774888838351351,0.5831604600616261
Coastal Alluvial,122.74650552835357,107.27946286513075,104.70962081971284,7.067688274135035,0.5694506899817153
Coastal Alluvial,102.61525870570136,117.55261059657789,88.35789917671238,6.7162860796780794,0.5847680039613652
Coastal Alluvial,128.3815041598741,114.77079553589527,84.80135900878594,7.042626328212009,0.3844516093301462
Coastal Alluvial,112.88475652638739,96.17559954606506,96.48250840181724,6.715523082312994,0.37892328758017674
Coastal Alluvial,102.41699376631553,98.80219022800114,86.36318525053842,7.202891901076468,0.35273134456291066
Coastal Alluvial,107.00090969230789,108.99513316773023,103.41590584234785,7.107970284220417,0.380431156246378
Coastal Alluvial,113.27052980820096,101.37456976678743,101.16752890202761,6.879476448502896,0.3207811810315498
Coastal Alluvial,112.0672101231993,117.90078592521301,103.62714496968366,6.665689093307571,0.458300296355977
Coastal Alluvial,104.53532755968136,119.9029083292039,104.40556137631685,6.71245643366877,0.37082731072100283
Coastal Alluvial,126.04468803624295,116.72593351558113,90.87646838584752,6.901485482283292,0.3879105545239416
Coastal Alluvial,115.78178396224993,95.04788995818544,107.8622378829644,6.948443383131724,0.445254269466517
Coastal Alluvial,118.11289495084357,118.21108359880895,90.07761572358872,6.8477534647826905,0.47016105183131773
Coastal Alluvial,124.9790991376902,107.75768431228492,92.66807345510493,6.714202816091974,0.5394330762497586
Coastal Alluvial,101.32467987173115,111.85161853897944,101.3014450881667,6.992369972242637,0.3894276238764387
Coastal Alluvial,117.34952223114936,118.70838165615103,84.07057628669693,6.637039560075911,0.3514419150587095
Coastal Alluvial,116.58065800852677,102.29213181523959,90.14827523499193,6.993055643941137,0.34741660729701923
Coastal Alluvial,127.81912369960742,106.96128865799375,108.5469377128175,6.715560710682498,0.5336125984965123
Coastal Alluvial,118.54644159297415,97.15769667203321,107.06125913832336,6.97870303034524,0.5215282864102858
Coastal Alluvial,102.34391816824149,106.9808297450038,85.08971904790296,7.019513594178683,0.5127833357950946
Coastal Alluvial,112.87299615454633,102.61944112478938,89.3595727216299,6.55225725344124,0.4237107002105366
Coastal Alluvial,116.00811947515356,113.22058194881645,104.03150807935458,7.2515060565999905,0.30863273773184186
Coastal Alluvial,125.75280389302142,117.47774548201825,108.01174725509992,7.358050510167806,0.5961438321739494
Coastal Alluvial,128.13999143197685,93.48775767872323,98.8645787840404,7.20395331036827,0.5481057656955217
Coastal Alluvial,103.07240921796328,96.49579828622646,95.79740028679953,6.527604138043159,0.3389750409290628
Coastal Alluvial,128.60640053849846,101.79980034199068,95.79904360922438,6.84791312887905,0.47141255627849304
Coastal Alluvial,102.44262562563279,91.07314639270129,93.19597280388939,7.086069584681819,0.40642994874234706
Coastal Alluvial,112.05404367359206,94.11994391542399,94.6375081649573,6.579830903213843,0.40752568721914806
Coastal Alluvial,111.88831150406953,97.8773973191746,103.73362689108522,7.069794559746307,0.5635644386800607
Coastal Alluvial,105.40255496892186,104.99062634873363,105.98111794971689,7.189035392598962,0.546973264853518
Coastal Alluvial,126.11117693441605,114.45285250963818,83.02297360089123,6.659774532369576,0.5168520723107478
Coastal Alluvial,114.44361272139894,105.23995345176043,107.00468022106816,6.597501000036541,0.35040219908479386
Coastal Alluvial,116.04657197006951,110.01358511910833,102.96892026813433,6.642860641204595,0.5783647633795613
Coastal Alluvial,125.22488777652799,96.74416426854279,80.50523719314965,6.701656249809513,0.5068784568878159
Coastal Alluvial,105.99469033443404,104.78028535775914,82.63119804712396,6.945060231745906,0.44295368500250365
Coastal Alluvial,128.14572155723252,93.43359918293254,109.06539417687421,7.47519189426445,0.3690604538308108
Coastal Alluvial,113.82471461993876,112.60421347369302,108.85225523882642,7.112829257315183,0.3112915327729532
Coastal Alluvial,129.050672053276,101.25043506957707,80.15635845560867,7.493036081651876,0.4505414589701364
Coastal Alluvial,113.04961208190753,109.61319638027908,84.80550647838211,7.237851288753456,0.5337760831521821
Coastal Alluvial,119.00169005854741,90.1967222857517,89.77376521347452,7.388650375059349,0.3737107388579207
Coastal Alluvial,110.63115338994483,103.44621176899825,104.32391205748036,6.783471046523768,0.5639950857980882
Coastal Alluvial,101.8838079004242,91.43111209324208,102.83203381278852,7.175954202575268,0.4741212444080464
Coastal Alluvial,113.55309542809795,115.70772426652141,94.03640743721952,7.039382340038341,0.5648595500353037
Coastal Alluvial,101.76381746979577,94.6181729713525,102.04079758096456,6.7075601961354065,0.41901739050780096
Coastal Alluvial,110.70076612545192,106.98864879978154,85.90139434982613,7.305168190282032,0.455550546282505
Coastal Alluvial,127.03827085489755,107.29033209657321,94.37945932017304,7.203073152377099,0.3421558785101799
Coastal Alluvial,127.1195173184769,95.4276254598595,83.61767762780379,6.862379200332931,0.5504334259497131
Coastal Alluvial,119.035473624524,101.53359762910453,104.25122975333464,7.229247522319858,0.3360772712596651
Coastal Alluvial,112.2689706444343,117.73838757388563,97.0557042421226,6.897990749001524,0.3253263753687323
Coastal Alluvial,100.34433444890072,116.17527691369952,103.04351594538808,6.534876605622214,0.5874747986971449
Coastal Alluvial,104.54529295182819,115.94785702815769,105.39948090870635,6.912078733745776,0.5609404521358129
Coastal Alluvial,113.46410662029373,109.25607206700248,99.84479989451575,6.83925506123867,0.5259103710200836
Coastal Alluvial,105.07560144377888,105.19891065988428,86.2262994860237,7.08050653245925,0.5385166421880276
Coastal Alluvial,114.8076127866972,96.4576515338203,108.3097297890306,7.154690007091898,0.5180390198084487
Coastal Alluvial,129.25821167223884,111.45142181024875,92.10335708860464,6.593717485850154,0.41818073099527964
Coastal Alluvial,108.93811684496127,93.98155993493761,96.46107683791666,7.338977210411631,0.4710952462412101
Coastal Alluvial,125.63319652970047,99.2289848952768,108.41269059057325,7.2251859271455805,0.3042499650522286
Coastal Alluvial,113.07562534108845,100.55632852384448,107.46096430713516,7.290060919606161,0.4450986321733188
Coastal Alluvial,105.87781231494313,98.00829959971136,89.42484258962253,6.513894703244176,0.5036878719063191
Coastal Alluvial,107.15475044854234,98.15466244790434,90.24902688549982,6.654188621556372,0.396579093979453
Coastal Alluvial,113.83650413185535,105.1943151628853,102.85138852117765,6.751789918306947,0.5455066858004862
Coastal Alluvial,115.24427348744508,106.77404119417152,84.13439725978556,6.811043648039474,0.5426012396796361
Coastal Alluvial,120.71637059714296,99.38881071813358,90.62046620393986,7.287721460476936,0.30098691680095274
Coastal Alluvial,101.36008241140368,104.4923132809428,88.38800462115843,7.2508060867347615,0.47863421248225535
Coastal Alluvial,119.2420292798085,104.96120316843572,108.01752665710298,6.704716598586856,0.37461919081663086
Coastal Alluvial,102.67892487290155,110.20176547347903,80.16019507752601,6.737274498370585,0.5152041931594188
Coastal Alluvial,106.22456225907774,119.3772911026164,98.80932040843126,6.805335489445278,0.3502765117749215
Coastal Alluvial,100.97829871253434,93.50119135783706,104.00449590477255,6.560184677847173,0.4701379501075523
Coastal Alluvial,129.6718082816878,117.09322209815814,90.98469971385548,7.167259112194984,0.45027044477091127
Coastal Alluvial,101.41981198402242,100.23264481233417,108.3535659131831,6.589179075191564,0.30566035506872025
Coastal Alluvial,109.19575187776961,94.80869773939816,87.61384438835204,6.973950676713157,0.582304501958659
Coastal Alluvial,113.24794193540305,100.80054544641708,102.73628580458794,7.3145942446481165,0.3300568033669134
Coastal Alluvial,120.20978443762138,112.09486140593961,106.8368123397175,6.93617341876512,0.39771271056804536
Coastal Alluvial,123.5503587752122,115.80881526870226,93.1215223845578,7.161056125276141,0.3199470808268332
Coastal Alluvial,110.43796826568274,95.76353657839408,101.78044001450978,7.256327003090444,0.5711475439540158
Coastal Alluvial,117.06662165592012,97.00119384229826,102.404418034015,6.996542561914338,0.4093714796960283
Coastal Alluvial,104.71691817650908,108.02680595038427,88.01854583731422,6.9111236507170055,0.42998095650191115
Coastal Alluvial,100.30983045435701,103.63370775111275,96.22060790852393,7.074932624000682,0.5601468692797476
Coastal Alluvial,125.9298429624373,94.91317824450344,100.83761272633119,7.392575465780544,0.5558939606048416
Coastal Alluvial,117.11095867498948,97.57139266172965,98.6551860872109,7.489269510951894,0.5904563895525357
Coastal Alluvial,112.5001393211894,90.95576237200315,82.1306492257168,7.428299607782476,0.4749531576250816
Coastal Alluvial,123.34013740836642,113.31811906770919,88.68048785122998,6.604436871024951,0.43935121629439
Coastal Alluvial,116.25334948798947,93.65931078663425,82.96219445009629,6.664685399090192,0.5709199817686721
Coastal Alluvial,102.77135731435317,108.00622591143595,88.9792608855099,6.796357507627204,0.3985261406639634
Coastal Alluvial,113.99266439987579,93.17851246294872,87.58343970782637,7.386336907846427,0.3213761071628609
Coastal Alluvial,124.38978917386376,91.73023521343507,101.1455253847677,7.316254136710008,0.5341623785847555
Coastal Alluvial,126.16841279153698,106.02256604593764,80.80151139727631,7.426488731244869,0.5611414078798143
Coastal Alluvial,115.0267933422952,116.79750144784884,87.00200089538201,7.011267507190165,0.31561538656008026
Coastal Alluvial,110.61183152519057,96.725757444584,109.2079011397716,7.331749431249543,0.46232131994137143
Coastal Alluvial,107.5012161410047,97.91366094861658,103.3608661848943,6.559389421820922,0.5089803116626306
Coastal Alluvial,114.60369221103602,92.2405857996238,106.1695819636456,7.092515877482536,0.4407591088666466
Coastal Alluvial,110.01513007880104,103.83482521976498,101.45047945666009,7.1918839772246725,0.41946770925401144
Coastal Alluvial,111.67339370121545,94.57859896981346,90.42219761446957,6.8468940787621655,0.3128319404251558
Coastal Alluvial,124.8421601185105,114.16497257903968,103.43860005666842,6.901153657048099,0.311650431876681
Coastal Alluvial,113.34755375581405,103.93867571687434,108.7010400214035,7.0238487491439,0.33447367372167897
Coastal Alluvial,109.14527886037112,93.23547378030247,95.7915992648721,6.511570936691606,0.5778536938754818
Coastal Alluvial,127.70183153116315,109.06223442765952,105.9098624906884,7.178984982930314,0.3098897208814693
Coastal Alluvial,119.66440084926904,94.27848258633932,109.30516961312716,6.832495791060354,0.5993614390404611
Coastal Alluvial,102.18210397305096,98.24657771040178,82.87450415674147,7.089175786362541,0.42683112476111584
Coastal Alluvial,101.52621153015374,101.04601729475375,91.76197104166683,7.25446213483811,0.36015927789060903
Coastal Alluvial,129.32857051605697,99.83139555227424,81.09509362116789,6.746171649056543,0.5876325802947568
Coastal Alluvial,109.04985245059575,119.74576599967615,108.10125993561091,6.503717472819829,0.3695413070178327
Coastal Alluvial,117.17866917503709,93.61139635304983,86.43557372756297,7.442990300587218,0.44243344825764325
Coastal Alluvial,115.35490265541767,90.68192093468008,96.57864370861418,6.601023600466873,0.41767901666883167
Coastal Alluvial,125.60451064279074,90.5228732888497,97.24845455873768,7.00582836375391,0.30079368710999027
Coastal Alluvial,100.10292499677834,109.18151072853189,99.14213089118391,6.7610661953399775,0.5106727595013328
Coastal Alluvial,122.16225645853407,119.2789457961724,91.46199521456572,6.986537211557477,0.5627434152983017
Coastal Alluvial,110.2160844344945,102.26272468509424,105.54683522651251,6.950184809611722,0.5229347540245459
Coastal Alluvial,121.82191233326682,93.90611262386281,99.3705295798207,6.82434213588848,0.5761275966855042
Coastal Alluvial,105.84440034345883,96.35167445098881,89.73596643188024,7.186376386371171,0.39111363581280534
Coastal Alluvial,116.68651552223368,114.65088171052749,83.72143801796442,7.428419408584658,0.4394344878558176
Coastal Alluvial,110.70838838055913,109.27967824559187,85.03090877191576,6.883699034545381,0.3672950275390685
Coastal Alluvial,115.19574261635206,101.08402980911092,86.68229592711562,6.5632066598573005,0.4307452236424618
Coastal Alluvial,122.75522300196026,104.35382008758047,96.22539698961857,6.725250650697899,0.4048376244189147
Coastal Alluvial,118.06728808200833,107.48439521089074,95.52516869582092,7.481561554905499,0.3560120966245063
Coastal Alluvial,123.57866898343198,104.70474480449813,107.01705863497477,6.56356220399388,0.4692806302306068
Coastal Alluvial,121.91393550837736,93.04566384636794,84.36115907220443,6.840413643872036,0.5526643090047936
Coastal Alluvial,124.31967868645937,113.28525134529485,85.69749775299344,6.699849860316935,0.42511203083786075
Sandy Soil,145.19783786533492,81.29959661653393,68.68502127126672,6.630958152905293,0.13030493399378326
Sandy Soil,153.1333595820947,93.47859928036273,69.08332356824056,6.242275124790147,0.16832959394634503
Sandy Soil,143.41302284353114,98.71528549615209,70.2989752629825,6.114593960691978,0.17550352054405166
Sandy Soil,146.16067920080118,84.6675958116983,68.51803979463122,6.300628603984194,0.23869325409614398
Sandy Soil,157.80219748343495,99.34792874291739,67.8388789620179,6.310466300837328,0.22797946477174105
Sandy Soil,141.43487375079246,95.04410856721849,77.09828012794121,6.573095200261103,0.1974904823021349
Sandy Soil,156.66393296145327,98.92719499588267,79.20875045231466,6.417924768163557,0.15111134737570614
Sandy Soil,147.35187544335378,92.14230179351485,66.69028284484983,6.33038648980798,0.14928369891189092
Sandy Soil,158.07522081364974,83.15373493772682,62.89953018979104,6.273839723340436,0.2983734554561668
Sandy Soil,157.94989881499703,87.33460907381163,62.13041755784769,6.805871672550371,0.15833660823703521
Sandy Soil,142.23423750478506,81.11068731861927,79.22121794484936,6.911933474726766,0.1410816097602243
Sandy Soil,143.42398523825906,97.8526511665955,72.1553348097028,6.965841850947065,0.23788543714438934
Sandy Soil,152.9091202253948,95.98240568116134,79.82531022695608,6.440086314854025,0.29762477267842447
Sandy Soil,153.79507077687995,84.59131337200817,61.29660943807217,6.866244015456544,0.1974476435460028
Sandy Soil,144.9276721703997,81.99542264308235,69.64999054634582,6.044505765767863,0.2500371422439196
Sandy Soil,151.02538931079732,98.34212949650976,62.50831133236633,6.121434317733121,0.11363364459967117
Sandy Soil,158.5039379996191,93.2322775181475,63.38131076439867,6.105800189734595,0.16660802863068555
Sandy Soil,146.27209073882466,88.17207031883176,78.2967934524088,6.626276430445758,0.1855854427667215
Sandy Soil,155.51366705866877,89.37448822166317,79.95851860650404,6.753999618441565,0.11431420880751086
Sandy Soil,140.91828251200982,82.86759694967061,62.198315736722485,6.242232922442524,0.29456724692944014
Sandy Soil,159.60558894678277,95.50313748861349,78.63471089596737,6.066119035866108,0.24521120293434098
Sandy Soil,141.3697711218072,88.32082773035447,79.98035599395533,6.4476841133907286,0.16214220547292274
Sandy Soil,152.1444458703679,95.04211545858223,70.04994447137184,6.274025401875169,0.23804828993239383
Sandy Soil,153.38306999266277,94.25543324621393,72.94321647735151,6.95243332311994,0.22078427668949419
Sandy Soil,155.69664292602056,92.03277441391538,71.30861247648838,6.809913782311053,0.15564571189501125
Sandy Soil,145.032019982518,87.22999382400793,62.09625632293944,6.031340028978117,0.27623379670795567
Sandy Soil,147.9821705633717,88.40471719044359,71.28195945605178,6.4974473347225485,0.12952976083678977
Sandy Soil,148.77107310785092,99.24406736032385,78.83085998721143,6.408528947145911,0.21507845396065806
Sandy Soil,152.03416703636583,91.06748320304186,70.7810937929047,6.838393002905444,0.17020129439666892
Sandy Soil,144.34772144243394,90.50819392448102,71.36745169591948,6.559184105065655,0.15983880633217082
Sandy Soil,156.83582190875904,91.15003032009587,68.11822945802649,6.273221331925665,0.16444981307140374
Sandy Soil,155.0919891392184,81.00259601345552,74.99397158244365,6.7130571834856925,0.12624197694785255
Sandy Soil,141.2591426676968,95.21788382542724,66.90296385071886,6.967500424644991,0.23243266063290244
Sandy Soil,147.92119657214704,95.31718455590203,79.03742458246174,6.3535384108008515,0.2723800170669317
Sandy Soil,143.52116958690104,98.97287922716967,71.24895261801888,6.925552354218539,0.27933173691026214
Sandy Soil,155.6382165713521,89.97669627276254,64.04919451200388,6.449830267419445,0.28275350803156485
Sandy Soil,144.36813305311742,84.78276687687959,76.14323219944708,6.97814769038365,0.1430198938091158
Sandy Soil,144.15361560013378,99.26875431405543,63.27042209492937,6.376573876318131,0.258916999979091
Sandy Soil,154.1800187053469,81.58854143064721,73.04881796301262,6.317984796510564,0.23298951532285622
Sandy Soil,146.50935136579733,95.46333509090847,61.561467796209065,6.784048927046297,0.13988681918129167
Sandy Soil,159.27804471781957,93.22537408082181,62.0120096027216,6.214230162853632,0.29633222599382814
Sandy Soil,144.24701878527293,80.3181260512685,68.22047183082026,6.466386180284645,0.109708330700443
Sandy Soil,156.83741981255042,98.34873760030692,72.56575106854135,6.406981714342848,0.2502183999878232
Sandy Soil,158.6065705271015,85.98781039237134,69.50153541211304,6.32941895282566,0.13066547933907566
Sandy Soil,144.10392696050724,83.66930259613059,71.51016042547452,6.194390053102639,0.27875552291230177
Sandy Soil,150.9871214086678,95.48130133107895,65.13771232256528,6.289710564594849,0.12508918760036516
Sandy Soil,149.3369622808996,92.79222470104966,65.70481000485817,6.721327913544467,0.23608314973963615
Sandy Soil,152.54562822848325,96.2552507910424,77.93114208245035,6.0392283813880905,0.2612448477660637
Sandy Soil,151.02239530927199,85.20429067875472,66.36834344304005,6.7301015441272565,0.23538071242305458
Sandy Soil,154.82581485888485,98.92950400456009,61.71169100766992,6.3025379891832936,0.2610036456782352
Sandy Soil,141.44151982557617,96.68425114389774,73.52172944483083,6.334872806225011,0.16575326831064574
Sandy Soil,157.51416349726713,85.98673388952011,64.28999422738258,6.082978670791601,0.20419537134321092
Sandy Soil,148.60804971342432,99.20516766538579,77.70134619365243,6.115060499853515,0.26907793809413194
Sandy Soil,154.79696982623076,96.7003019006805,68.34071191035616,6.064316126823376,0.21991575046336176
Sandy Soil,153.3403295486636,80.87633320330508,61.719526826489755,6.884393080481715,0.20935594672530272
Sandy Soil,157.93525689457448,86.92925425083193,71.41721712028529,6.880068568671834,0.17382311473086123
Sandy Soil,144.40919418441692,80.09283937711209,73.00725828239206,6.303236844920905,0.14201842570850612
Sandy Soil,153.0211385085391,83.5220452718052,70.6010609097155,6.4367250478583715,0.25100750408660766
Sandy Soil,142.62628069922746,95.45263549157217,76.67481468993533,6.765754738393178,0.27064706085248014
Sandy Soil,154.63481588517618,86.68958497549167,71.09976863890932,6.815633470124227,0.29822247183194117
Sandy Soil,146.60457126765192,85.87117554512407,61.853900344531844,6.964554070909025,0.1732986227168848
Sandy Soil,148.83638461639364,99.12701007751937,63.57885571519769,6.780378580716541,0.26690268307002035
Sandy Soil,154.4820094987937,81.92980406356953,72.5914782541039,6.418420500828583,0.24439236040540224
Sandy Soil,147.06598464244877,98.78957243894612,71.23272491795399,6.87241677530014,0.2459517045241412
Sandy Soil,147.75267144202599,81.48253644926947,77.4472016962065,6.031700785833645,0.2911857693430445
Sandy Soil,146.20577946521095,84.2051791311819,69.18745954437631,6.091833584897115,0.2490354528443234
Sandy Soil,144.47819209660713,95.86415731955528,74.94044045411029,6.445014609742438,0.10547878044313713
Sandy Soil,150.66779261671638,80.67836679736062,64.42351979251038,6.76467783576635,0.16968316549024615
Sandy Soil,155.73494761560184,84.89484549356631,65.96925040407716,6.699306672180138,0.10924282733733177
Sandy Soil,141.8965604410112,93.58087940966695,71.92471047513601,6.4131167208832585,0.16057382019193503
Sandy Soil,157.54904484431324,92.31808904601164,62.59833970337827,6.609252184413661,0.2723644260184709
Sandy Soil,142.93340428490725,84.4693559798731,73.12537360483242,6.097503884922591,0.14777402825236607
Sandy Soil,142.7162285484713,96.25668631793144,60.2988554872333,6.608880157438408,0.25025808632986035
Sandy Soil,140.0955837662153,88.96678609351,77.34933455728884,6.981520503768867,0.10205690840762245
Sandy Soil,146.3806674274238,84.5560547707401,61.27147632997115,6.46725218804216,0.10860049384572504
Sandy Soil,144.1259988003526,91.6266928601742,76.18342581303475,6.830772598367028,0.2847291623751943
Sandy Soil,151.0408577845613,95.56420237591377,65.61644120326213,6.722616561349364,0.21846869636144373
Sandy Soil,148.5629079161913,91.82112086266405,63.838089783228185,6.063418250642062,0.29016045743280316
Sandy Soil,155.482810584381,96.15687904954862,75.68078245884021,6.574492911919071,0.18441119706863524
Sandy Soil,140.71237817557568,98.58115930899136,62.36954563982636,6.752290858196351,0.13201118640847756
Sandy Soil,155.1344911052889,83.1882288904951,62.054622907100295,6.098616571155778,0.2502174262953728
Sandy Soil,143.41089347348816,80.84333078140776,72.00670424630198,6.060478509162699,0.2614011062074385
Sandy Soil,142.4175394942289,93.6983145257676,63.1924329644416,6.718667457728605,0.12017310418060585
Sandy Soil,145.40118417066535,94.02738116316556,74.80642180121481,6.2719224755513565,0.28052930029590434
Sandy Soil,157.72920766631128,92.39164208586546,63.80651825714929,6.915796296975214,0.12963353409966755
Sandy Soil,152.26841390422913,85.87117937457722,71.63229547152467,6.6556112944895744,0.23962443401313668
Sandy Soil,157.38368115563236,88.26003752389587,67.17428518981305,6.97796539404836,0.23838896882518879
Sandy Soil,146.38093822322932,80.50253542859292,71.46838776994582,6.4363252433757,0.2803356205604021
Sandy Soil,140.6579944337331,97.92383831685652,71.25232937350097,6.029082325029777,0.20158980449152597
Sandy Soil,145.78240647781004,82.337979703349,75.95779776827571,6.537905809320424,0.21172468238329145
Sandy Soil,148.45345376492247,80.61673604749124,75.43679865144642,6.730155899237511,0.2893624281066538
Sandy Soil,142.39409043316613,82.61727754599033,65.10917268244363,6.3803051321969395,0.20604130778619711
Sandy Soil,145.29429537793126,97.20708891311932,79.06055525178056,6.551781880517501,0.20353665237914886
Sandy Soil,149.9904407657829,98.03067574082114,75.48062409498368,6.7973690085833125,0.12664592112066334
Sandy Soil,148.55080168800146,95.98827084732133,69.80785272522715,6.0708042557234645,0.10592930006687139
Sandy Soil,152.3953205271854,80.01288905054187,60.301277165106036,6.182028942841303,0.2568045424613776
Sandy Soil,153.5106609032237,84.39165878054567,68.39107449420248,6.235235019805323,0.24017464231819954
Sandy Soil,155.47460553548834,89.65945516721679,66.20705185926901,6.6788059591170725,0.2972278949068875
Sandy Soil,153.85541415971645,82.89513227317006,66.99982130946653,6.795531660742172,0.22756542494518
Sandy Soil,144.63321708313336,97.10531542243656,72.87637037284058,6.061442470097358,0.22940418855406106
Sandy Soil,154.94720685473254,82.61320938402277,78.9545271873188,6.827888443737591,0.1305280764925609
Sandy Soil,155.27844043324532,88.92073092435675,76.13802241487792,6.779126310471153,0.24951460416937413
Sandy Soil,153.22450265146543,80.28564658327802,62.98556648837673,6.9195985901852195,0.11083896227814599
Sandy Soil,143.6338312981739,95.63882777246272,74.73806655751085,6.860390036955203,0.2119714281184067
Sandy Soil,154.7104164001807,87.48400217676087,70.9613541241304,6.589427801282891,0.1915373846737023
Sandy Soil,156.47896670104075,93.71600466503143,70.43879886982018,6.658738242024054,0.2733746634854013
Sandy Soil,156.98586966869652,88.52390846527788,60.1702735103881,6.880015445951904,0.2255471942505132
Sandy Soil,144.38213001598152,95.80190739235812,75.26074306194788,6.716343135621877,0.2459209863939409
Sandy Soil,148.5255044739773,90.3441888811388,64.53390489652588,6.953738597305768,0.1263192853296731
Sandy Soil,147.4068072040442,85.52259256424445,69.20317266719162,6.26253826602774,0.2054728368683203
Sandy Soil,153.0005651604355,91.09645993763658,60.660348926170904,6.05483919899056,0.11471444257664141
Sandy Soil,154.7610186972285,87.29964271328052,69.29908348662359,6.754780846728171,0.2453588989682989
Sandy Soil,147.17036756860105,99.44027852986625,66.97855834934428,6.330262046505258,0.1529047822371751
Sandy Soil,152.97728349331138,81.69629197284189,60.12954355444088,6.22712614739529,0.2666279984411085
Sandy Soil,155.66390554166725,90.32097538791474,78.90860302058005,6.37983748567181,0.11553303012331054
Sandy Soil,152.7843650378153,93.29189615831193,69.34185274639367,6.798266903891438,0.11392099627155082
Sandy Soil,140.15019755702488,98.72814698006553,64.4227304748664,6.533531748711678,0.16718196387198003
Sandy Soil,144.4010861008859,82.04655860173231,76.20544843204857,6.372233899858276,0.26034997832939855
Sandy Soil,144.90607337542747,91.25168929207682,67.59936327108798,6.883889155300121,0.21196782899231564
Sandy Soil,146.73977660597012,87.42084246812942,69.78768669301655,6.2775681669829195,0.10658912041642646
Loamy Soil,104.46311384800708,101.62876433856043,81.17689278628973,6.806634355644851,0.2194787080742605
Loamy Soil,111.47695042210718,90.91973735453212,94.62305567818875,7.165707501642722,0.3990849935769659
Loamy Soil,116.60934493350548,87.77928454980731,85.22691325160628,6.052247927660761,0.23251924390571954
Loamy Soil,105.44143751713679,85.00518043565646,73.04293854660722,6.274726008709973,0.26389871873129966
Loamy Soil,113.7531200501757,92.7438120548108,77.52774009561094,6.74920496107671,0.44021161261860614
Loamy Soil,116.19998772419324,106.86021476615537,80.18459270601667,6.071540923991842,0.4733355938694534
Loamy Soil,104.65117866367424,106.6406344217423,83.2652160155154,7.35358228241574,0.30750799444712207
Loamy Soil,108.89984208537192,85.60695135593909,82.05139506823308,6.1970849726009565,0.3953788934734703
Loamy Soil,113.88788757926321,98.1339732781592,93.57398517629916,6.023969894799549,0.27988000177991934
Loamy Soil,109.13786748316953,85.93184672590017,84.46234323868133,6.168897325241734,0.4456311735872429
Loamy Soil,118.42408261938132,83.99105062225517,78.11762052287358,6.360642110285728,0.4623766832263933
Loamy Soil,114.11002050713742,87.65246415935117,87.001147146705,6.120192845587306,0.23059860052169887
Loamy Soil,113.11821042360202,91.04132789085155,99.47699635643765,6.766776052700799,0.4247556159865097
Loamy Soil,92.07496872003554,105.29725778273597,72.83985310849735,7.194158122073949,0.32903602078941097
Loamy Soil,92.77966394934025,95.02975847002045,91.97818168680831,7.1069911347088635,0.4622125279976202
Loamy Soil,102.27653913817947,88.55245316474131,73.34302093831795,7.103850965656692,0.2723450188071292
Loamy Soil,114.54408018160424,88.83925273574535,90.51607787853538,7.087991874125306,0.36581931458198114
Loamy Soil,116.93009408110859,106.36823453521036,75.28919076702842,6.140132847456629,0.4456555753564237
Loamy Soil,96.69468863353686,101.06704488342959,91.96563282288807,7.074285810166321,0.4586549445462122
Loamy Soil,112.14336343065618,94.70871611691862,88.84255922969862,7.156155151347498,0.47090068607879054
Loamy Soil,98.37727120766404,90.49239561423055,96.74357750172864,6.370949179431763,0.4643203182660776
Loamy Soil,101.45439362338452,106.59154852530787,92.73265045749667,6.657762909504988,0.3403344872085179
Loamy Soil,96.11900332625443,92.70266081633143,74.60130464855403,7.000674710010122,0.4655209785380336
Loamy Soil,99.61556033141595,97.69587756107741,73.2567004472837,7.289610864158224,0.4792429836354042
Loamy Soil,99.57713086391661,99.4019775401319,76.5530351071817,7.270913501961788,0.4723643944102604
Loamy Soil,90.4081610009282,108.3790502225686,83.37039223916425,6.186124654645932,0.31898303648914217
Loamy Soil,116.64863826121409,100.0175477794015,82.29158859559821,6.3845732760709835,0.4555527571969306
Loamy Soil,115.31877997493075,88.52969626108312,73.74954425364872,7.380737242033431,0.4697218373514408
Loamy Soil,98.78684203742355,105.04524008464155,78.44023065563212,7.232527719782876,0.44432469152893633
Loamy Soil,119.68037724185184,106.08700380020571,83.66082799456606,7.447889350289962,0.39256125123522645
Loamy Soil,103.43369927593292,99.09157484458862,96.54130044476301,6.899439962589023,0.2653503520868456
Loamy Soil,114.7975124111666,86.26082359884651,88.96045813196268,7.072918123840148,0.49796724766643186
Loamy Soil,99.04526942069349,92.85957708618406,97.84008763919755,7.298861277759121,0.24855023219221245
Loamy Soil,104.68525000204752,80.14291987673575,96.92234601096163,6.405483663988518,0.3296660359151585
Loamy Soil,110.28603596185852,105.93299877922291,94.66509771647388,7.49635283106636,0.40178709962018055
Loamy Soil,96.32003790527637,99.48333019451911,73.69118974796528,7.345404851022378,0.3565112232908225
Loamy Soil,95.96761799035042,109.61680210099445,99.78614489970283,6.746613706072989,0.30927067654564366
Loamy Soil,102.98233842649982,96.17045351277866,96.58958396212583,6.613862222762673,0.3896064612590749
Loamy Soil,113.73097813374022,104.05832507498445,94.66612314929054,6.35588645212213,0.30961103410638774
Loamy Soil,115.70845892874028,104.63343124654011,87.40989179481738,6.5741261881025945,0.49595592683680667
Loamy Soil,107.62217419405559,106.37838499111209,70.65476406697968,6.783208046112165,0.21533685207288916
Loamy Soil,97.50001761149083,96.85791988038083,97.12706673089093,6.449140540840024,0.4005871459946776
Loamy Soil,113.2022016802054,93.77350986221678,96.7814487391029,7.244831281740028,0.4629182194049935
Loamy Soil,98.52055181295972,108.93797996534238,75.8368285155535,6.653807051968176,0.3892927392977873
Loamy Soil,116.33809220527257,82.5508782980108,80.62193497222589,7.1379579833950215,0.36021992928455787
Loamy Soil,118.04556041761786,81.756063692301,78.47444833823569,6.089676555610614,0.23315628447561473
Loamy Soil,105.38566596906063,80.19625008853949,82.5034455728707,6.004827570100968,0.4524223120490555
Loamy Soil,115.30349620397573,99.00137719747913,89.5048437185631,6.643372420328325,0.4096366673834797
Loamy Soil,118.50671887246224,99.7251302296213,90.17540038492756,7.297855059742608,0.49992203398857865
Loamy Soil,117.21772762710299,89.56306390532143,83.02485445502022,7.431183060850797,0.2308053000049523
Loamy Soil,115.41283895524485,80.06472029044241,97.70586988763905,7.25976806764314,0.2277777092682186
Loamy Soil,90.06214467118957,87.95401362664917,78.21036060899074,7.058410272141751,0.4452981385596576
Loamy Soil,103.1681003136576,100.13754783561195,89.84404113173451,7.209902456059737,0.4709526831658039
Loamy Soil,91.46055366506837,105.90943664711077,96.58304547335065,6.068467885592296,0.37896038145527944
Loamy Soil,105.27226146273941,97.95483465529287,94.68990814598237,7.1171667738967015,0.2427095532472237
Loamy Soil,102.4107369354057,96.11780253250748,71.81044140029647,6.065363765270764,0.4523163483991969
Loamy Soil,117.21394042879743,82.96430639484451,89.78813539736645,6.4196465762273505,0.24556090682492335
Loamy Soil,114.03834603107296,87.59150042542018,80.02405486797751,6.586637543469016,0.23618357626521305
Loamy Soil,116.54368539904519,104.63811488772006,72.69081847664334,6.780843415356032,0.28424864134979577
Loamy Soil,105.0423245134409,84.40492866073616,71.97555572931999,7.463706608042125,0.2258686534953122
Loamy Soil,108.01989401821125,107.95664316825815,97.99659432686244,7.422166235209121,0.47486007199020325
Loamy Soil,92.18356853228326,83.64685948255075,94.52593926496235,6.678263474827606,0.2625380951370048
Loamy Soil,94.49254099516281,96.4569754695996,91.88177094957146,7.232464164550622,0.4120605876630621
Loamy Soil,104.20541076791578,99.75820569062645,74.89712888113372,6.836705608990747,0.2776793724415472
Loamy Soil,113.52993639723672,95.42975953810719,98.1505471273216,6.571714692801904,0.43017419305401194
Loamy Soil,100.68293677327469,107.13691001198953,77.35749495707492,6.286679135572983,0.2769720789381862
Loamy Soil,100.77397849537614,106.73536237507031,88.02197436185135,6.483159626793388,0.4461994192300748
Loamy Soil,103.22062032598528,99.66649303868209,71.81052472467725,6.83456602445865,0.492423634190553
Loamy Soil,97.55747162802402,80.48003603491985,79.6061044177317,6.066093623438982,0.3884719910030242
Loamy Soil,96.31834821164954,86.4723669721328,86.48729291575201,6.862490545664609,0.38370290994152434
Loamy Soil,119.36566660657364,83.4728612468477,81.0233209117526,6.3096389121191985,0.35508596289989425
Loamy Soil,98.36842468524029,88.19919836216756,98.20341695081451,6.668160937891869,0.34403565214988174
Loamy Soil,115.94631984303136,83.629659089637,93.08162388154535,6.593238758158042,0.31713959452309415
Loamy Soil,90.17484167909824,84.6431867321954,84.73256905013811,7.030054633140404,0.36604062250066594
Loamy Soil,96.2943637426622,82.26157842043352,91.9941698629406,6.190936559417668,0.4540365104246891
Loamy Soil,96.7049406215655,107.52468445177533,96.08459781503537,7.206331841013352,0.3282523412441658
Loamy Soil,104.10463261521548,103.50406242615348,85.64650485621823,7.476178926928442,0.43827038785597405
Loamy Soil,93.87460487223193,99.4929850989731,74.4079607134864,7.129641037748895,0.337079432736257
Loamy Soil,104.53727951098364,99.22216387454253,91.71864630189829,6.393222257314061,0.2567507877367383
Loamy Soil,99.44128050361176,106.84287966012329,96.31034741907787,6.512858971104555,0.4764308581509166
Loamy Soil,94.15552887787067,84.13650151925262,84.79607810711045,7.456443926916165,0.3756947724111649
Loamy Soil,90.6997505703018,86.1502860613906,88.45265106277878,6.0471359831440745,0.49552567684211735
Loamy Soil,107.78348412515442,97.83550192745413,97.29795352490017,7.3862505123707205,0.27638713496263906
Loamy Soil,112.3860471091618,92.06285599786868,71.84012744449281,6.268309206278553,0.2221621543389957
Loamy Soil,91.25348910244854,87.35781215033325,84.09127363432512,6.438154869587254,0.2466500777177438
Loamy Soil,108.52132689852624,89.17419436601557,77.42219497749876,6.315716905979257,0.4158171252032983
Loamy Soil,116.78169697446313,87.14663367803459,76.50696711175306,6.833343983889021,0.24366563503424613
Loamy Soil,94.2833427571258,102.3932598444637,97.43934855677485,7.0802966378411885,0.4685837826295129
Loamy Soil,94.13091600275612,87.23682768809795,98.03905428092997,6.878595052929783,0.23881869122118515
Loamy Soil,104.72721381041526,88.58771136690346,76.27973470387026,6.962433406586283,0.2885262995852085
Loamy Soil,99.76398020611454,109.13750861172807,78.40776680114638,7.009995947754595,0.24550915128271397
Loamy Soil,95.33371092919553,101.60603679816312,98.29920906600032,7.445356797641351,0.27550926692521843
Loamy Soil,117.3633888968792,89.4763036137146,71.60204304819959,6.068636606095193,0.3904919830948267
Loamy Soil,98.22927939424724,89.87901600050208,75.80521727665146,6.022777545118015,0.27269370854350405
Loamy Soil,111.39876722425235,90.21938825476815,91.94687848766866,6.091240490027543,0.3537851658128709
Loamy Soil,99.00349943079323,107.904759819439,78.34417162952481,7.19946987235249,0.4366546586169319
Loamy Soil,98.5363076219064,109.30853832053842,81.57499324418384,7.192672316080403,0.21036389391499755
Loamy Soil,107.84238185938587,90.8471428203737,77.78738478245988,6.280063373660778,0.4001400332246613
Loamy Soil,109.41619094948314,80.20127990227535,85.95421544608402,7.265981352308038,0.48430723095651573
Loamy Soil,98.16636088446127,92.57808892450285,88.98366222919606,6.707461372976659,0.4482004962484901
Loamy Soil,100.01251758928174,105.18427975828578,95.53721580798239,7.27440538153667,0.2652739727842369
Loamy Soil,103.1096300612771,92.14114215442068,98.10029023534388,7.399815030730629,0.48052683341055047
Loamy Soil,94.08505124751899,91.7720674040523,94.43767344289854,6.346044894923423,0.255672138365987
Loamy Soil,90.87621343808821,107.86727041449231,71.2455912156479,6.039836502495807,0.4754395942814684
Loamy Soil,101.68508202994136,109.64714159223017,97.22444385601449,6.159345104936591,0.43802625078046953
Loamy Soil,105.76620866245126,90.62199745171759,89.19671445665543,6.879962628670493,0.4869672967275709
Loamy Soil,106.23605019602914,95.79029661778226,96.59999216217366,6.314625660298462,0.4381661602345579
Loamy Soil,110.2614843925804,80.07879201268146,80.76884764314309,6.796360362456945,0.4051908815882218
Loamy Soil,117.31378224960821,95.5094794474527,96.99735984755453,6.395427759705906,0.39953534264316826
Loamy Soil,106.30986146923942,107.56680738403962,86.84081593556816,6.612210512667896,0.4478682960250876
Loamy Soil,100.3879844439567,92.02589256182404,87.72280702449468,7.10778065931479,0.2362614159146311
Loamy Soil,95.80608412633312,107.4686967408193,70.88715936366482,7.162742822446505,0.24732818753103605
Loamy Soil,106.70031742841164,88.99340901350917,82.32981036933765,6.06427966340021,0.21723756204538833
Loamy Soil,119.0221031965708,97.01356141030675,88.34998356312268,6.232120746984656,0.3365112822088069
Loamy Soil,105.81032267019233,91.94866756021658,85.69000496828755,6.843583196735209,0.2149347856282018
Loamy Soil,112.834817699348,86.61113863679203,90.14076693495377,7.38188669573967,0.36825427782967046
Loamy Soil,109.09250701222975,105.8612607619651,99.443657546976,7.175003822422015,0.2712636604559716
Loamy Soil,105.64515954582335,88.63494996540584,76.13706037004434,6.5829306292378975,0.3688659328075361
Loamy Soil,90.68693290080921,108.2776825033242,77.44201542069223,6.555356405470326,0.20266501077265497
Loamy Soil,115.30088907389938,96.88664198891892,96.439852295711,6.925945004398079,0.23868078207591475
Laterite Soil,144.22173113545426,78.81540963439896,65.78727380909235,6.376946662323243,0.11214617335382458
Laterite Soil,140.07125147854924,77.27352169736645,52.47048133273647,5.997666354925345,0.1335829835481463
Laterite Soil,146.48176061002863,66.25141169940575,53.714422035637455,6.253116917924869,0.14564347690822096
Laterite Soil,135.57428391464012,65.73008186840812,60.2396943034688,6.46055398741262,0.2505897336935804
Laterite Soil,130.65139063030128,67.99897879594533,68.36360935951382,5.51317003876874,0.2582288921212687
Laterite Soil,135.14075266854792,73.34080884846277,53.854585256357616,5.815724259526386,0.19205362121530917
Laterite Soil,142.95209630067595,71.64257486936879,65.4313351636849,6.2794028285490775,0.1731372429669029
Laterite Soil,143.42213338491865,74.69886153430903,59.433379000778054,6.328658160787821,0.26717343084444967
Laterite Soil,144.7344895365433,79.55377513570875,64.63705126974958,5.663840841288247,0.26864758736035704
Laterite Soil,147.64161020611155,79.28667223141865,62.67698783320478,6.225188517456304,0.20113369454047322
Laterite Soil,145.01810503887629,77.4995557633217,56.93156528480547,6.25900797665821,0.293524057552354
Laterite Soil,141.59075218483423,61.651122851262095,67.88101379619184,5.772217526512985,0.20871960492464847
Laterite Soil,130.6284482166944,73.94467290133323,55.00605238082545,6.487269985177283,0.25379386552114164
Laterite Soil,141.25403606840462,60.34926541386673,60.68989651690218,6.231428305949911,0.2680760661674186
Laterite Soil,149.51169186316736,74.94672486049393,52.25973206629119,5.9744902019350485,0.2837426983829302
Laterite Soil,135.72835189273093,71.40679379692915,62.316163903632756,5.625445075642472,0.22644240922138895
Laterite Soil,130.65412090955223,74.43614334627775,64.38655236703123,6.017748005591452,0.14749965529861558
Laterite Soil,135.10525295788602,73.7451425234078,60.15703635759197,6.393045014274132,0.1817619682323965
Laterite Soil,139.0353217641084,79.44019913113664,61.44656774184975,5.660084416151652,0.19469808662722485
Laterite Soil,143.663406854761,63.067366388032184,59.09682707031766,5.977812004479413,0.21850930341839309
Laterite Soil,146.58403604224964,72.60193639397153,55.71751957169427,6.171638307152142,0.19592259408892337
Laterite Soil,130.58207194242812,65.49440540857047,62.50999821905493,6.271917082920334,0.2943535104420236
Laterite Soil,149.33021450433645,64.71605135499235,58.52584529267553,5.695821383787908,0.12446737356732514
Laterite Soil,139.35029105257652,62.581854491919295,55.619566173766394,5.582212294168908,0.28070893861028945
Laterite Soil,149.98956713423968,78.09434632917473,50.31898248000488,6.309402092820158,0.24942871919330745
Laterite Soil,147.59631894738467,64.33168142502096,56.18052555341333,5.97615681524484,0.10770114795695784
Laterite Soil,145.82657112168062,60.44953410351048,56.86092067696337,5.68495121068478,0.27609561009971595
Laterite Soil,140.56089310696657,69.58662684616989,64.8519026438903,6.390589430742067,0.24017709033298065
Laterite Soil,137.56529520336332,61.71407215335608,54.862425292062305,5.611926546056361,0.24537182849793984
Laterite Soil,137.7709831079621,70.64526351848392,63.279025190555146,5.690584430124073,0.2779192206085117
Laterite Soil,149.82486492580847,73.18187005752333,64.74117183788161,6.132565115292869,0.10007601933579804
Laterite Soil,139.4356085294217,74.99661231709126,58.261802108841906,6.257732646555991,0.13784676620536893
Laterite Soil,137.41538322021546,64.66998465185354,65.25644751074643,5.74652975325275,0.2944499760679218
Laterite Soil,133.89918224848356,60.2451971009861,51.798036581544224,5.939658441753287,0.29005292381031167
Laterite Soil,144.8881794800897,60.708960968010786,61.199374089676255,5.747091382900472,0.2849681468051791
Laterite Soil,144.7020766603024,70.21583293399026,54.81060879566289,6.224737711799655,0.23465489732071154
Laterite Soil,143.900696071134,69.74757816101581,51.60804074035236,5.965146244163518,0.2429707235096268
Laterite Soil,135.0029049576786,63.66419047654323,62.902156841350504,5.655127852815109,0.19722441732581147
Laterite Soil,131.60707586052516,66.97804158205007,55.791657907269006,5.506628300642788,0.25189521388997543
Laterite Soil,142.08415158948372,70.323359348188,53.43758535633802,5.789425584158638,0.1867654679582324
Laterite Soil,147.75606963214244,68.67475835687559,57.96692756293952,5.635907519389326,0.2797448358111774
Laterite Soil,130.00772089464192,74.26748635817098,55.28637968593236,5.730813986403996,0.2310076792371795
Laterite Soil,145.39201820884279,68.97601903876357,53.584037937429066,6.055831408588827,0.28207749536214066
Laterite Soil,135.17328185514216,75.31692173410377,61.51892973512035,6.467355774576083,0.22064597599894148
Laterite Soil,149.22411765775956,75.50519194989774,69.25721448538708,6.248179383355163,0.2495624759112896
Laterite Soil,136.31714081480524,79.35980943626923,58.76181999489293,5.595732703718479,0.22630556511103844
Laterite Soil,148.79308853420227,62.49154864436912,58.23582552295832,6.33123812424188,0.12217325424984898
Laterite Soil,141.60624013426082,75.90770832733901,51.76248851308061,6.467334834974248,0.143203336568081
Laterite Soil,136.12671723798616,76.18805673177823,55.15103192377769,6.24525382968631,0.22189677252475964
Laterite Soil,149.4216677984026,73.4744045230467,53.338339874627664,6.192259302319772,0.2814602827463766
Laterite Soil,137.61534827742472,68.15834499796341,63.02140435500947,6.128209498143817,0.27152774692639925
Laterite Soil,146.40943531656097,76.28806623016295,59.04663575930458,6.335975543696682,0.10083405836729205
Laterite Soil,130.5720941196187,62.69281748378503,59.38315535726499,6.2803424002547015,0.2521200969785745
Laterite Soil,132.0138280285149,71.51266750397872,55.822197194754125,6.006849182097956,0.25461766939679886
Laterite Soil,145.28055339089383,78.2967066127647,60.484206087040135,5.863459877420769,0.23909960557027757
Laterite Soil,149.0760491382525,62.702813098469875,50.89864903992368,5.609689517385009,0.24429932424155093
Laterite Soil,132.548933072376,79.42871566955705,66.13388742474476,6.092545544293746,0.23655886774351942
Laterite Soil,133.30717580327098,70.66863231346045,59.568553545258375,5.924464622664861,0.11124655130382875
Laterite Soil,134.08033678401492,60.40642960779876,64.70443432389354,6.319186868797674,0.1850355807102651
Laterite Soil,141.03312238728796,73.46055855399464,57.636444018149014,5.639006275391662,0.2007711824696948
Laterite Soil,140.20621923275982,62.41090610684375,69.94736707678251,5.5888303634371965,0.15311161249390157
Laterite Soil,136.33851305039133,73.97158452422782,55.51668226006192,5.993190821370521,0.2845891318655923
Laterite Soil,144.75443246711288,72.95051438498287,57.276906753006614,6.303724968365322,0.10449237148118051
Laterite Soil,135.88149089432227,72.27547949014165,55.422189527115464,5.545197877022358,0.14648453053377672
Laterite Soil,144.06533597566226,63.65539519258361,61.473957001638105,6.466511690370106,0.24645345102210822
Laterite Soil,139.92607062298686,63.70096853127674,65.18153900681318,5.649657083386341,0.27198073218596963
Laterite Soil,131.75939039594022,73.73669751212778,57.01116881554474,6.163993346027996,0.2640838546406472
Laterite Soil,142.8552434035517,73.6820451261011,65.62796561062825,5.578869784798407,0.24665387220271645
Laterite Soil,132.74916307349426,62.92120350847584,53.17283822112158,6.023165353839429,0.2052166918063651
Laterite Soil,143.9429594577665,76.68746959377249,61.30306020878501,5.586863830900429,0.2651804971557923
Laterite Soil,132.55796919380367,60.75001185075381,53.00387364107926,5.612534171214916,0.24397416148287793
Laterite Soil,132.8972209695693,61.88008521605397,65.01093050795666,6.004258792954363,0.10295584632277043
Laterite Soil,138.9359862685324,76.65409885700208,51.40522881859911,6.458567342404794,0.14654287406939362
Laterite Soil,140.79202207175558,78.2492920530235,69.17305132581406,6.267306615189542,0.26264826895785087
Laterite Soil,130.16225498311493,73.39411816177324,66.76350118734487,6.399444036706768,0.2898921612353429
Laterite Soil,148.72754257045997,69.30861212180459,55.154015803629164,6.176235222661237,0.16889257181396392
Laterite Soil,130.80510190422098,64.3682637351902,57.706411305263245,6.0989093081578325,0.2649204497625882
Laterite Soil,130.65439468647125,67.50366539993989,69.27189008012914,5.906748788431554,0.17900217042093275
Laterite Soil,136.19506053554917,79.43891784536356,64.83343020747922,6.136503118872911,0.16438249816244555
Laterite Soil,130.4745069765846,67.78013324601802,54.92986991308866,6.42734048166276,0.10113005591785316
Laterite Soil,141.84377584972088,79.68860511624212,64.15292598075557,6.196223020659276,0.2481934589155205
Laterite Soil,132.11222256258313,77.42605392543858,68.26970572924407,6.4516855491717005,0.15022333162330515
Laterite Soil,130.59839195958642,69.59691114527334,66.20495413347408,5.6145106034139705,0.21805730382700222
Laterite Soil,134.35711598573695,71.90369568307676,61.35983468449535,6.012920228629483,0.20275560308775625
Laterite Soil,138.40386427211547,77.57983119026538,53.38744611624336,5.505619150952966,0.10787148817621264
Laterite Soil,130.21008694439357,62.046010886599234,64.25904899698659,6.2251733388814525,0.20721532738828774
Laterite Soil,147.87505329938418,79.21731804156192,62.329813572655816,5.827967005656678,0.25365448618945996
Laterite Soil,144.9657774615964,76.881505997357,51.31863028209235,5.825165587253433,0.2239120332076556
Laterite Soil,144.1592423261422,77.31262298201887,56.1545802196642,6.002189573590057,0.14115240539045446
Laterite Soil,136.2320704708771,61.54926864673086,52.14778162072637,6.055755152832474,0.2293847932700143
Laterite Soil,140.5576739771229,79.33503480456571,51.359848307788866,5.631701713544215,0.14912383895326348
Laterite Soil,145.7992485273749,66.71125277587726,55.12356586277683,6.230875050278614,0.10110731784353233
Laterite Soil,149.992151265646,63.0479624701708,53.05470576083119,5.604214803253622,0.17405034015623327
Laterite Soil,142.17820653995773,79.26793464043769,60.79939050608718,5.719482040768665,0.2001443418866516
Laterite Soil,149.10399103133386,60.237298714446084,56.02535613608204,5.858241583964188,0.29341366524647317
Laterite Soil,134.01149170505556,76.02299314334823,50.36370232700102,5.511766957983014,0.19650850615280624
Laterite Soil,138.67776575338206,75.13087218318641,51.2735285742418,5.877492749153393,0.28220126600512163
Laterite Soil,141.29318461932343,62.18993302673607,52.4698072356864,6.479727172488522,0.1387877025857559
Laterite Soil,134.4937156935118,75.45545971837,54.49104221286254,5.577714695380115,0.26113473435636725
Laterite Soil,147.84025114935721,76.68313866109206,65.14540811059636,6.170363196387403,0.2467601302689231
Laterite Soil,147.54503950060283,65.55036781096706,58.366440634670106,5.808710134560339,0.18515604714090667
Laterite Soil,133.83536158965956,71.90367918305127,63.66827861513465,5.736647072705546,0.2617528084154498
Laterite Soil,137.63217363655312,71.97131510940997,59.020442854347436,6.4095557203738105,0.1494914021448867
Laterite Soil,142.9882676699097,71.5979126471938,55.86641258643308,5.6303240383236615,0.2885502195557379
Laterite Soil,148.16031037052613,70.29811283697775,58.33541063097431,5.789254866625843,0.25445898364181657
Laterite Soil,132.2509127684758,77.35565463623026,51.38345690041171,5.666691097255929,0.24149381034626918
Laterite Soil,142.7946111231694,76.81894080042214,64.39901763262614,6.241507523106669,0.1371666709064096
Laterite Soil,133.16710406521992,61.45849798292861,51.430903149470154,5.966488822553473,0.1168419183074009
Laterite Soil,131.97672026072317,72.72817301257457,60.07254030030989,5.860838814775802,0.15066359925066425
Laterite Soil,137.31504097307035,68.61525917528016,53.75117260189556,5.516583956838993,0.12548277776458752
Laterite Soil,131.80391618843754,79.27003632757012,62.44100400023335,5.522584617429343,0.28865207470889853
Laterite Soil,134.92396173507439,68.50228513377418,52.124226164054484,6.173572726582117,0.20926528413258672
Laterite Soil,137.43017905508566,62.823988105865894,57.013649018669796,5.509355238830592,0.22170815895808246
Laterite Soil,131.1084660381353,74.19171906412421,52.34366714326698,5.786127935919326,0.11834459835829557
Laterite Soil,139.56879144228395,74.17575322783969,51.43242830734005,5.730648425139603,0.19658467839733668
Laterite Soil,139.34439211858296,69.10958476347557,56.6598366643143,5.614982711107195,0.11399541527633694
Laterite Soil,135.54469825556586,75.06460257143722,65.54173039391264,6.428562667569776,0.22254335296459024
Laterite Soil,139.14535591995025,71.30031860349317,61.251288845469034,5.8149257112044275,0.16234667084360982
Laterite Soil,138.05903651039407,64.9240959837476,65.97436741877216,5.724009234574019,0.2317620793906836
Laterite Soil,132.10847861074782,69.92609930475956,50.91081333613067,5.793390461680873,0.24530400698310253
